turn	ele_ex	ele_ey	pro_ex	pro_ey
0	2.03740800e-08	1.60491000e-09	1.13159000e-08	1.00113900e-09
16	2.21934000e-08	1.62774600e-09	1.13345600e-08	1.01068100e-09
32	2.23235700e-08	1.62932900e-09	1.13644900e-08	1.00703400e-09
48	2.23407600e-08	1.63685600e-09	1.13705000e-08	1.00671100e-09
64	2.23744100e-08	1.63602800e-09	1.13559000e-08	1.00889400e-09
80	2.23760500e-08	1.63751300e-09	1.13623100e-08	1.00686600e-09
96	2.24059900e-08	1.63977000e-09	1.13622700e-08	1.00809000e-09
112	2.23824100e-08	1.64078200e-09	1.13621300e-08	1.00761200e-09
128	2.23830400e-08	1.64586500e-09	1.13626100e-08	1.00738100e-09
144	2.24334900e-08	1.64901800e-09	1.13614300e-08	1.00811000e-09
160	2.24400500e-08	1.64579700e-09	1.13595400e-08	1.00756600e-09
176	2.24631600e-08	1.64838200e-09	1.13596400e-08	1.00779300e-09
192	2.24757400e-08	1.65203200e-09	1.13610600e-08	1.00759800e-09
208	2.25201600e-08	1.65188200e-09	1.13621100e-08	1.00783900e-09
224	2.25437400e-08	1.65401500e-09	1.13574100e-08	1.00803400e-09
240	2.25071800e-08	1.65724300e-09	1.13539900e-08	1.00782400e-09
256	2.25363900e-08	1.65717100e-09	1.13600700e-08	1.00784900e-09
272	2.25658600e-08	1.65805500e-09	1.13611400e-08	1.00804600e-09
288	2.26004500e-08	1.65820400e-09	1.13600200e-08	1.00795900e-09
304	2.25870500e-08	1.66175600e-09	1.13620400e-08	1.00735800e-09
320	2.25792400e-08	1.66283900e-09	1.13598700e-08	1.00815900e-09
336	2.25894600e-08	1.66527900e-09	1.13617600e-08	1.00765100e-09
352	2.25855700e-08	1.66565400e-09	1.13612400e-08	1.00828300e-09
368	2.26058800e-08	1.66713200e-09	1.13594000e-08	1.00755000e-09
384	2.25811100e-08	1.66276600e-09	1.13587000e-08	1.00769100e-09
400	2.25803600e-08	1.66250200e-09	1.13587700e-08	1.00827400e-09
416	2.25987800e-08	1.66102500e-09	1.13604700e-08	1.00769400e-09
432	2.25972700e-08	1.66070800e-09	1.13595800e-08	1.00809700e-09
448	2.26027700e-08	1.66038800e-09	1.13566400e-08	1.00816000e-09
464	2.25701900e-08	1.66218000e-09	1.13583900e-08	1.00796500e-09
480	2.25673400e-08	1.66358400e-09	1.13595200e-08	1.00827400e-09
496	2.25612400e-08	1.66271600e-09	1.13626400e-08	1.00819300e-09
512	2.25823700e-08	1.66102500e-09	1.13631800e-08	1.00814700e-09
528	2.26566000e-08	1.66204200e-09	1.13621500e-08	1.00808400e-09
544	2.26282700e-08	1.66197800e-09	1.13626300e-08	1.00800900e-09
560	2.26665500e-08	1.66666700e-09	1.13602600e-08	1.00815200e-09
576	2.26696400e-08	1.66824200e-09	1.13612400e-08	1.00830100e-09
592	2.26776100e-08	1.66881600e-09	1.13556500e-08	1.00822800e-09
608	2.26700400e-08	1.66882100e-09	1.13563600e-08	1.00796800e-09
624	2.26976800e-08	1.66851300e-09	1.13592300e-08	1.00809700e-09
640	2.26995900e-08	1.66575300e-09	1.13603200e-08	1.00822200e-09
656	2.27009300e-08	1.66382000e-09	1.13601200e-08	1.00846300e-09
672	2.27517000e-08	1.66133400e-09	1.13589000e-08	1.00794600e-09
688	2.26795900e-08	1.66011600e-09	1.13601200e-08	1.00861800e-09
704	2.27177000e-08	1.65931300e-09	1.13631200e-08	1.00832400e-09
720	2.27239100e-08	1.65850100e-09	1.13621900e-08	1.00818500e-09
736	2.27086100e-08	1.66134400e-09	1.13550300e-08	1.00905500e-09
752	2.27471800e-08	1.66188500e-09	1.13556900e-08	1.00799100e-09
768	2.27371600e-08	1.66069100e-09	1.13609500e-08	1.00884200e-09
784	2.26972500e-08	1.66370300e-09	1.13654100e-08	1.00824900e-09
800	2.27198400e-08	1.66521300e-09	1.13627700e-08	1.00884800e-09
816	2.27273300e-08	1.66629500e-09	1.13606300e-08	1.00854800e-09
832	2.27216500e-08	1.66689300e-09	1.13602900e-08	1.00829700e-09
848	2.27199900e-08	1.66661400e-09	1.13582900e-08	1.00853200e-09
864	2.26800900e-08	1.66772800e-09	1.13589500e-08	1.00878600e-09
880	2.27062600e-08	1.66834800e-09	1.13633500e-08	1.00873800e-09
896	2.26916900e-08	1.66655700e-09	1.13615100e-08	1.00832600e-09
912	2.27009200e-08	1.66727900e-09	1.13613700e-08	1.00892700e-09
928	2.27703500e-08	1.66500700e-09	1.13632900e-08	1.00853800e-09
944	2.27934500e-08	1.66375500e-09	1.13630900e-08	1.00884300e-09
960	2.27553700e-08	1.66393300e-09	1.13632700e-08	1.00845900e-09
976	2.27259500e-08	1.66806900e-09	1.13637100e-08	1.00901000e-09
992	2.27992500e-08	1.67288900e-09	1.13647000e-08	1.00881900e-09
1008	2.27984200e-08	1.67426400e-09	1.13619100e-08	1.00919800e-09
1024	2.27495000e-08	1.67286800e-09	1.13587400e-08	1.00927300e-09
1040	2.27370200e-08	1.67169100e-09	1.13601600e-08	1.00889400e-09
1056	2.27636200e-08	1.67381100e-09	1.13598300e-08	1.00902000e-09
1072	2.26919400e-08	1.67102100e-09	1.13598000e-08	1.00880400e-09
1088	2.27088500e-08	1.67256100e-09	1.13636900e-08	1.00876300e-09
1104	2.27228300e-08	1.67672900e-09	1.13616100e-08	1.00915600e-09
1120	2.28130000e-08	1.67710300e-09	1.13609100e-08	1.00924500e-09
1136	2.27914300e-08	1.67582900e-09	1.13630100e-08	1.00883900e-09
1152	2.27665800e-08	1.67674000e-09	1.13610800e-08	1.00927600e-09
1168	2.27349200e-08	1.67841000e-09	1.13595700e-08	1.00943600e-09
1184	2.27400700e-08	1.67274500e-09	1.13566200e-08	1.00918800e-09
1200	2.27103500e-08	1.67306900e-09	1.13577600e-08	1.00949000e-09
1216	2.27041200e-08	1.67363800e-09	1.13599700e-08	1.00933800e-09
1232	2.27355400e-08	1.67273400e-09	1.13622400e-08	1.00935500e-09
1248	2.27970100e-08	1.67110300e-09	1.13626600e-08	1.00961600e-09
1264	2.27811800e-08	1.67313000e-09	1.13623500e-08	1.00961100e-09
1280	2.27570500e-08	1.67168900e-09	1.13596600e-08	1.01003200e-09
1296	2.27613500e-08	1.67256700e-09	1.13593700e-08	1.00965600e-09
1312	2.27558500e-08	1.66969800e-09	1.13610600e-08	1.00916000e-09
1328	2.27455600e-08	1.66964400e-09	1.13602000e-08	1.00990400e-09
1344	2.27603400e-08	1.67057900e-09	1.13591500e-08	1.00949200e-09
1360	2.27537700e-08	1.66958900e-09	1.13576600e-08	1.00956000e-09
1376	2.27703500e-08	1.66960700e-09	1.13594500e-08	1.00937400e-09
1392	2.27635600e-08	1.66947100e-09	1.13615700e-08	1.00979200e-09
1408	2.27432200e-08	1.67042200e-09	1.13655000e-08	1.00949000e-09
1424	2.27525200e-08	1.67299900e-09	1.13645100e-08	1.00976200e-09
1440	2.27796500e-08	1.67380200e-09	1.13592300e-08	1.00971200e-09
1456	2.27694800e-08	1.67462300e-09	1.13590900e-08	1.00931600e-09
1472	2.27646200e-08	1.67447700e-09	1.13593600e-08	1.01027400e-09
1488	2.27896900e-08	1.66924800e-09	1.13603700e-08	1.00935100e-09
1504	2.28282800e-08	1.66787500e-09	1.13596000e-08	1.00961300e-09
1520	2.27779200e-08	1.66360400e-09	1.13591500e-08	1.00980400e-09
1536	2.28307500e-08	1.66399500e-09	1.13592400e-08	1.00927400e-09
1552	2.28079600e-08	1.66729100e-09	1.13604700e-08	1.01010300e-09
1568	2.27938500e-08	1.66719500e-09	1.13606600e-08	1.00948500e-09
1584	2.27501000e-08	1.66961200e-09	1.13607600e-08	1.00992400e-09
1600	2.27017000e-08	1.67238900e-09	1.13610300e-08	1.00994400e-09
1616	2.26956700e-08	1.67412800e-09	1.13634200e-08	1.00953500e-09
1632	2.27134800e-08	1.67363900e-09	1.13613700e-08	1.00945000e-09
1648	2.26508000e-08	1.67448600e-09	1.13582000e-08	1.01005700e-09
1664	2.26522000e-08	1.67622700e-09	1.13600200e-08	1.00933100e-09
1680	2.26172300e-08	1.67025000e-09	1.13640900e-08	1.01049800e-09
1696	2.26233400e-08	1.67094900e-09	1.13641500e-08	1.00945400e-09
1712	2.26286600e-08	1.67042000e-09	1.13622400e-08	1.00966500e-09
1728	2.26163400e-08	1.66821900e-09	1.13618500e-08	1.01050100e-09
1744	2.26359200e-08	1.66774500e-09	1.13616300e-08	1.00932900e-09
1760	2.25868300e-08	1.66965500e-09	1.13608000e-08	1.00962200e-09
1776	2.25990000e-08	1.67010500e-09	1.13613000e-08	1.00999100e-09
1792	2.25719500e-08	1.67021900e-09	1.13619600e-08	1.00984900e-09
1808	2.26325700e-08	1.66919700e-09	1.13604200e-08	1.00995800e-09
1824	2.26437400e-08	1.66949400e-09	1.13627300e-08	1.00978400e-09
1840	2.26083900e-08	1.66670200e-09	1.13637000e-08	1.00973700e-09
1856	2.25615100e-08	1.66915800e-09	1.13616100e-08	1.00984000e-09
1872	2.25273500e-08	1.67442000e-09	1.13637600e-08	1.00977700e-09
1888	2.25470500e-08	1.67428400e-09	1.13637800e-08	1.00976500e-09
1904	2.25462900e-08	1.67322600e-09	1.13630900e-08	1.00974100e-09
1920	2.25543900e-08	1.67230900e-09	1.13652700e-08	1.00929300e-09
1936	2.25192700e-08	1.67506500e-09	1.13635000e-08	1.01006400e-09
1952	2.25005500e-08	1.67370300e-09	1.13634100e-08	1.00950200e-09
1968	2.24840800e-08	1.67254200e-09	1.13629300e-08	1.00957000e-09
1984	2.24910400e-08	1.67412500e-09	1.13616100e-08	1.00974400e-09
2000	2.25257500e-08	1.67557100e-09	1.13623400e-08	1.00980000e-09
2016	2.25312100e-08	1.67659200e-09	1.13618400e-08	1.01033200e-09
2032	2.25507300e-08	1.67380000e-09	1.13648500e-08	1.00959300e-09
2048	2.25297900e-08	1.67519400e-09	1.13665700e-08	1.01003500e-09
2064	2.25346100e-08	1.67684400e-09	1.13645800e-08	1.00973600e-09
2080	2.25448600e-08	1.67498000e-09	1.13630900e-08	1.00975500e-09
2096	2.25241000e-08	1.67625400e-09	1.13658700e-08	1.01023400e-09
2112	2.25403000e-08	1.67630900e-09	1.13660800e-08	1.01019500e-09
2128	2.26109400e-08	1.67618500e-09	1.13637100e-08	1.00935400e-09
2144	2.26584600e-08	1.67516600e-09	1.13638600e-08	1.01024300e-09
2160	2.26455300e-08	1.67106100e-09	1.13664600e-08	1.00972000e-09
2176	2.26170000e-08	1.67035600e-09	1.13644700e-08	1.01023300e-09
2192	2.25791000e-08	1.67202700e-09	1.13629400e-08	1.00965400e-09
2208	2.25696800e-08	1.67324300e-09	1.13624900e-08	1.01008500e-09
2224	2.25787200e-08	1.67281400e-09	1.13646900e-08	1.00976900e-09
2240	2.25705700e-08	1.67033400e-09	1.13652600e-08	1.01011200e-09
2256	2.25438400e-08	1.67301400e-09	1.13674200e-08	1.01016000e-09
2272	2.25465000e-08	1.67056700e-09	1.13703400e-08	1.01012600e-09
2288	2.25850200e-08	1.66859300e-09	1.13678900e-08	1.01000400e-09
2304	2.25456600e-08	1.66876000e-09	1.13663600e-08	1.01021300e-09
2320	2.25412500e-08	1.66614800e-09	1.13644300e-08	1.01000200e-09
2336	2.25870800e-08	1.66693500e-09	1.13633800e-08	1.01013400e-09
2352	2.25896100e-08	1.67060700e-09	1.13627300e-08	1.01001600e-09
2368	2.25868200e-08	1.67383500e-09	1.13660500e-08	1.00999600e-09
2384	2.26257700e-08	1.67028500e-09	1.13707300e-08	1.00985500e-09
2400	2.25986000e-08	1.67173000e-09	1.13688600e-08	1.00997800e-09
2416	2.26082200e-08	1.67011600e-09	1.13638200e-08	1.01000800e-09
2432	2.26029300e-08	1.67052200e-09	1.13641100e-08	1.01033400e-09
2448	2.26239800e-08	1.66984700e-09	1.13625500e-08	1.01023300e-09
2464	2.26112900e-08	1.66855400e-09	1.13654400e-08	1.00992600e-09
2480	2.26111400e-08	1.66764400e-09	1.13698800e-08	1.00995100e-09
2496	2.25841300e-08	1.66686500e-09	1.13710900e-08	1.01001500e-09
2512	2.26121100e-08	1.66463600e-09	1.13686600e-08	1.01010000e-09
2528	2.26173800e-08	1.66546100e-09	1.13670500e-08	1.00990700e-09
2544	2.26300500e-08	1.66043700e-09	1.13698000e-08	1.01018700e-09
2560	2.26502500e-08	1.66056600e-09	1.13680100e-08	1.00997700e-09
2576	2.27004300e-08	1.66077200e-09	1.13649800e-08	1.01027400e-09
2592	2.27455200e-08	1.66374900e-09	1.13663800e-08	1.01002900e-09
2608	2.27658200e-08	1.66569100e-09	1.13655500e-08	1.00990300e-09
2624	2.28027300e-08	1.66625700e-09	1.13658100e-08	1.00999800e-09
2640	2.27929100e-08	1.66336200e-09	1.13636600e-08	1.01040000e-09
2656	2.27503800e-08	1.66844200e-09	1.13630000e-08	1.00951600e-09
2672	2.27429000e-08	1.67322000e-09	1.13672000e-08	1.01008500e-09
2688	2.27010600e-08	1.67308400e-09	1.13686800e-08	1.01021600e-09
2704	2.26900600e-08	1.67311000e-09	1.13666300e-08	1.01009600e-09
2720	2.26706500e-08	1.67662100e-09	1.13660900e-08	1.01010400e-09
2736	2.26496300e-08	1.67322000e-09	1.13661500e-08	1.01022900e-09
2752	2.26459600e-08	1.67250600e-09	1.13681500e-08	1.01002700e-09
2768	2.26125600e-08	1.67067300e-09	1.13682100e-08	1.01012100e-09
2784	2.26325500e-08	1.67305300e-09	1.13671400e-08	1.01002600e-09
2800	2.26356300e-08	1.67459000e-09	1.13694900e-08	1.01006400e-09
2816	2.26187200e-08	1.67302200e-09	1.13684300e-08	1.01034900e-09
2832	2.25741400e-08	1.67357500e-09	1.13696300e-08	1.00990900e-09
2848	2.25957500e-08	1.67151600e-09	1.13676900e-08	1.01042300e-09
2864	2.25933200e-08	1.67180300e-09	1.13674500e-08	1.01027800e-09
2880	2.25843600e-08	1.67065000e-09	1.13664800e-08	1.01009400e-09
2896	2.26168700e-08	1.67168500e-09	1.13674000e-08	1.01035700e-09
2912	2.25596500e-08	1.67058800e-09	1.13713500e-08	1.01041800e-09
2928	2.25484200e-08	1.67083500e-09	1.13688500e-08	1.01046500e-09
2944	2.25770900e-08	1.67109200e-09	1.13641500e-08	1.01056500e-09
2960	2.25759800e-08	1.66926500e-09	1.13645000e-08	1.00989100e-09
2976	2.25903800e-08	1.67101600e-09	1.13693400e-08	1.01037200e-09
2992	2.25272500e-08	1.67104900e-09	1.13714400e-08	1.01032800e-09
3008	2.25145900e-08	1.66804800e-09	1.13674400e-08	1.01033600e-09
3024	2.24952400e-08	1.66752800e-09	1.13674800e-08	1.01054200e-09
3040	2.25533200e-08	1.66513400e-09	1.13704200e-08	1.01026900e-09
3056	2.25666700e-08	1.66488100e-09	1.13694300e-08	1.01043600e-09
3072	2.25223200e-08	1.66445400e-09	1.13694900e-08	1.01015000e-09
3088	2.25060800e-08	1.66515100e-09	1.13700100e-08	1.01015700e-09
3104	2.25706800e-08	1.66657100e-09	1.13690500e-08	1.01045200e-09
3120	2.26129200e-08	1.66687400e-09	1.13705100e-08	1.01022800e-09
3136	2.26058100e-08	1.66771100e-09	1.13700700e-08	1.01076500e-09
3152	2.26346200e-08	1.66751500e-09	1.13719200e-08	1.01006800e-09
3168	2.26019000e-08	1.66766900e-09	1.13724300e-08	1.01013900e-09
3184	2.26213100e-08	1.66656400e-09	1.13715200e-08	1.01039900e-09
3200	2.26455700e-08	1.66856100e-09	1.13673100e-08	1.01007900e-09
3216	2.26575900e-08	1.67129100e-09	1.13668700e-08	1.01075000e-09
3232	2.26537900e-08	1.67106400e-09	1.13683300e-08	1.01007700e-09
3248	2.25744900e-08	1.66720700e-09	1.13734000e-08	1.01015500e-09
3264	2.26056100e-08	1.66618700e-09	1.13745700e-08	1.01031800e-09
3280	2.26417500e-08	1.66593200e-09	1.13679000e-08	1.01054200e-09
3296	2.26473300e-08	1.66640900e-09	1.13661900e-08	1.01025400e-09
3312	2.26620800e-08	1.66427100e-09	1.13659800e-08	1.01043600e-09
3328	2.26401000e-08	1.66586400e-09	1.13717600e-08	1.01028100e-09
3344	2.26313500e-08	1.66653000e-09	1.13737900e-08	1.01045200e-09
3360	2.26291000e-08	1.66788400e-09	1.13716900e-08	1.01040700e-09
3376	2.26267100e-08	1.66972500e-09	1.13687500e-08	1.01062800e-09
3392	2.26247800e-08	1.67116500e-09	1.13702200e-08	1.01069600e-09
3408	2.26819000e-08	1.67030600e-09	1.13730100e-08	1.01047000e-09
3424	2.26812600e-08	1.67021800e-09	1.13686600e-08	1.01013900e-09
3440	2.27094100e-08	1.67238800e-09	1.13661700e-08	1.01085600e-09
3456	2.26285900e-08	1.67179200e-09	1.13706300e-08	1.01013100e-09
3472	2.26240900e-08	1.67099000e-09	1.13711200e-08	1.01087200e-09
3488	2.26081700e-08	1.67309000e-09	1.13715900e-08	1.01010500e-09
3504	2.26286900e-08	1.67238100e-09	1.13681200e-08	1.01015800e-09
3520	2.26208400e-08	1.67354600e-09	1.13716300e-08	1.01032000e-09
3536	2.26057500e-08	1.67256700e-09	1.13745000e-08	1.01003000e-09
3552	2.26395600e-08	1.67363300e-09	1.13698900e-08	1.01028500e-09
3568	2.26603700e-08	1.67106600e-09	1.13691000e-08	1.01042100e-09
3584	2.26228000e-08	1.67200400e-09	1.13735500e-08	1.01046100e-09
3600	2.26509700e-08	1.66980900e-09	1.13745700e-08	1.01015900e-09
3616	2.26104500e-08	1.66784700e-09	1.13744500e-08	1.01116000e-09
3632	2.26246000e-08	1.66960400e-09	1.13688000e-08	1.01046200e-09
3648	2.26372500e-08	1.66555900e-09	1.13712100e-08	1.01043000e-09
3664	2.26076900e-08	1.66548100e-09	1.13734500e-08	1.01094900e-09
3680	2.26652700e-08	1.66692000e-09	1.13743000e-08	1.01053000e-09
3696	2.26822900e-08	1.66715900e-09	1.13731200e-08	1.01075100e-09
3712	2.26907900e-08	1.66718100e-09	1.13727500e-08	1.01046400e-09
3728	2.26690900e-08	1.66891600e-09	1.13744300e-08	1.01085000e-09
3744	2.26822900e-08	1.66806300e-09	1.13745800e-08	1.01073500e-09
3760	2.26780400e-08	1.66421200e-09	1.13732800e-08	1.01043400e-09
3776	2.26806400e-08	1.66177000e-09	1.13691200e-08	1.01084200e-09
3792	2.26432000e-08	1.66276100e-09	1.13717000e-08	1.01059300e-09
3808	2.26477800e-08	1.66702800e-09	1.13738000e-08	1.01080800e-09
3824	2.26608900e-08	1.67021500e-09	1.13734200e-08	1.01110500e-09
3840	2.26312600e-08	1.67282100e-09	1.13726000e-08	1.01067300e-09
3856	2.26313800e-08	1.66864800e-09	1.13729900e-08	1.01090400e-09
3872	2.26606300e-08	1.67238900e-09	1.13709500e-08	1.01044500e-09
3888	2.26950100e-08	1.67152000e-09	1.13709600e-08	1.01079700e-09
3904	2.27000000e-08	1.67279000e-09	1.13721900e-08	1.01088500e-09
3920	2.27206700e-08	1.67171500e-09	1.13686900e-08	1.01123000e-09
3936	2.27454400e-08	1.67230300e-09	1.13718200e-08	1.01042500e-09
3952	2.27363800e-08	1.67183700e-09	1.13729300e-08	1.01049700e-09
3968	2.27223600e-08	1.67355700e-09	1.13732500e-08	1.01112200e-09
3984	2.26900100e-08	1.67457200e-09	1.13762600e-08	1.01073300e-09
4000	2.27292900e-08	1.67435700e-09	1.13746000e-08	1.01073700e-09
4016	2.27306900e-08	1.67623600e-09	1.13755800e-08	1.01110400e-09
4032	2.27687700e-08	1.67564400e-09	1.13786400e-08	1.01062700e-09
4048	2.27804300e-08	1.67532300e-09	1.13733600e-08	1.01114300e-09
4064	2.27589200e-08	1.67921800e-09	1.13741100e-08	1.01063100e-09
4080	2.26879800e-08	1.67864000e-09	1.13730300e-08	1.01114800e-09
4096	2.26738500e-08	1.68114000e-09	1.13740800e-08	1.01062700e-09
4112	2.26629200e-08	1.67821400e-09	1.13765200e-08	1.01103700e-09
4128	2.26385400e-08	1.68188500e-09	1.13792900e-08	1.01096300e-09
4144	2.26289500e-08	1.68045000e-09	1.13794600e-08	1.01059500e-09
4160	2.26242500e-08	1.67937100e-09	1.13788200e-08	1.01118000e-09
4176	2.26642500e-08	1.68049600e-09	1.13771400e-08	1.01103100e-09
4192	2.26855400e-08	1.67731500e-09	1.13761600e-08	1.01112000e-09
4208	2.26885700e-08	1.67626900e-09	1.13780900e-08	1.01076500e-09
4224	2.26299300e-08	1.67510900e-09	1.13774900e-08	1.01115800e-09
4240	2.26322100e-08	1.67640800e-09	1.13790000e-08	1.01110200e-09
4256	2.25950900e-08	1.67600900e-09	1.13767000e-08	1.01090900e-09
4272	2.26051800e-08	1.67697800e-09	1.13764100e-08	1.01110400e-09
4288	2.25474100e-08	1.67328200e-09	1.13766700e-08	1.01126300e-09
4304	2.25501200e-08	1.67185600e-09	1.13780000e-08	1.01131700e-09
4320	2.25988900e-08	1.67016200e-09	1.13814800e-08	1.01120900e-09
4336	2.26008400e-08	1.66740300e-09	1.13799800e-08	1.01091400e-09
4352	2.25756700e-08	1.67402700e-09	1.13773200e-08	1.01150200e-09
4368	2.26362500e-08	1.67246300e-09	1.13753200e-08	1.01101100e-09
4384	2.26649300e-08	1.67126300e-09	1.13734600e-08	1.01114500e-09
4400	2.26169500e-08	1.67211200e-09	1.13799600e-08	1.01168000e-09
4416	2.26021000e-08	1.67204200e-09	1.13802100e-08	1.01156000e-09
4432	2.25889200e-08	1.67061800e-09	1.13753900e-08	1.01137400e-09
4448	2.25745200e-08	1.66867000e-09	1.13744600e-08	1.01113500e-09
4464	2.25841600e-08	1.66893100e-09	1.13766900e-08	1.01158600e-09
4480	2.26081200e-08	1.66884500e-09	1.13796600e-08	1.01122900e-09
4496	2.26169000e-08	1.66730300e-09	1.13794600e-08	1.01124300e-09
4512	2.25962500e-08	1.66943100e-09	1.13795700e-08	1.01178100e-09
4528	2.26076700e-08	1.67152100e-09	1.13788900e-08	1.01097600e-09
4544	2.26199700e-08	1.67396900e-09	1.13785200e-08	1.01149100e-09
4560	2.26290500e-08	1.67155900e-09	1.13779400e-08	1.01160000e-09
4576	2.26380600e-08	1.67308500e-09	1.13803200e-08	1.01141800e-09
4592	2.26359400e-08	1.67572600e-09	1.13817500e-08	1.01164000e-09
4608	2.26098500e-08	1.67180400e-09	1.13789800e-08	1.01137700e-09
4624	2.26118900e-08	1.67670500e-09	1.13775100e-08	1.01113800e-09
4640	2.26142700e-08	1.67780400e-09	1.13784500e-08	1.01143800e-09
4656	2.26120300e-08	1.67848000e-09	1.13814500e-08	1.01137800e-09
4672	2.26103500e-08	1.67579200e-09	1.13803000e-08	1.01161200e-09
4688	2.26145100e-08	1.67654700e-09	1.13757000e-08	1.01149600e-09
4704	2.26150500e-08	1.67596800e-09	1.13743600e-08	1.01184100e-09
4720	2.26606500e-08	1.67792000e-09	1.13782800e-08	1.01157400e-09
4736	2.26506800e-08	1.67656200e-09	1.13870500e-08	1.01165300e-09
4752	2.26127300e-08	1.67508000e-09	1.13849500e-08	1.01134700e-09
4768	2.26096500e-08	1.67691800e-09	1.13782700e-08	1.01195200e-09
4784	2.26589000e-08	1.67410400e-09	1.13782900e-08	1.01119600e-09
4800	2.25910600e-08	1.67206100e-09	1.13816100e-08	1.01172600e-09
4816	2.25666100e-08	1.66693100e-09	1.13831600e-08	1.01185300e-09
4832	2.26103300e-08	1.66725800e-09	1.13819900e-08	1.01138300e-09
4848	2.25823500e-08	1.66446800e-09	1.13808000e-08	1.01204600e-09
4864	2.26269000e-08	1.66510700e-09	1.13804600e-08	1.01139600e-09
4880	2.26178100e-08	1.66715100e-09	1.13789200e-08	1.01155400e-09
4896	2.26221900e-08	1.67090300e-09	1.13787100e-08	1.01174800e-09
4912	2.26429100e-08	1.66870200e-09	1.13814300e-08	1.01174300e-09
4928	2.26270400e-08	1.66911500e-09	1.13859300e-08	1.01166700e-09
4944	2.26544700e-08	1.67214600e-09	1.13836800e-08	1.01131300e-09
4960	2.26404200e-08	1.67167200e-09	1.13811700e-08	1.01134900e-09
4976	2.26145000e-08	1.67241900e-09	1.13824600e-08	1.01191200e-09
4992	2.26159900e-08	1.67170600e-09	1.13846600e-08	1.01133500e-09
5008	2.26182000e-08	1.67012500e-09	1.13817300e-08	1.01163800e-09
5024	2.26387100e-08	1.67377700e-09	1.13800100e-08	1.01142500e-09
5040	2.26205200e-08	1.67487100e-09	1.13793500e-08	1.01184000e-09
5056	2.26016900e-08	1.67235600e-09	1.13818500e-08	1.01180900e-09
5072	2.26337400e-08	1.67465400e-09	1.13795900e-08	1.01164500e-09
5088	2.25909000e-08	1.67340400e-09	1.13780700e-08	1.01149700e-09
5104	2.26107900e-08	1.67877900e-09	1.13804800e-08	1.01202000e-09
5120	2.26107500e-08	1.68024600e-09	1.13847800e-08	1.01169500e-09
5136	2.26384600e-08	1.67784000e-09	1.13841700e-08	1.01198100e-09
5152	2.26395500e-08	1.67919600e-09	1.13823200e-08	1.01147900e-09
5168	2.26761300e-08	1.67842900e-09	1.13800600e-08	1.01185400e-09
5184	2.26547900e-08	1.67773600e-09	1.13828000e-08	1.01169300e-09
5200	2.26218600e-08	1.67558800e-09	1.13837400e-08	1.01176600e-09
5216	2.26705800e-08	1.67673800e-09	1.13847900e-08	1.01167000e-09
5232	2.26412800e-08	1.67785700e-09	1.13830400e-08	1.01203900e-09
5248	2.26246000e-08	1.67759600e-09	1.13781100e-08	1.01184600e-09
5264	2.26063100e-08	1.67980400e-09	1.13786600e-08	1.01152000e-09
5280	2.26896400e-08	1.67889600e-09	1.13798600e-08	1.01189600e-09
5296	2.27053100e-08	1.67595200e-09	1.13832500e-08	1.01195500e-09
5312	2.27245900e-08	1.67389800e-09	1.13823900e-08	1.01235900e-09
5328	2.26759300e-08	1.67513800e-09	1.13813300e-08	1.01126600e-09
5344	2.26469100e-08	1.67574500e-09	1.13834500e-08	1.01218600e-09
5360	2.26201100e-08	1.67204500e-09	1.13843900e-08	1.01149800e-09
5376	2.26095700e-08	1.67147700e-09	1.13777300e-08	1.01205500e-09
5392	2.26510500e-08	1.67402000e-09	1.13783900e-08	1.01211200e-09
5408	2.26317000e-08	1.67316900e-09	1.13832000e-08	1.01169700e-09
5424	2.26551500e-08	1.67126700e-09	1.13843300e-08	1.01195800e-09
5440	2.27160600e-08	1.67010300e-09	1.13837300e-08	1.01186300e-09
5456	2.27722400e-08	1.66924700e-09	1.13832300e-08	1.01209500e-09
5472	2.27500300e-08	1.66848000e-09	1.13817100e-08	1.01189500e-09
5488	2.26919900e-08	1.66891700e-09	1.13785200e-08	1.01188700e-09
5504	2.26595800e-08	1.66882400e-09	1.13806300e-08	1.01213500e-09
5520	2.26819800e-08	1.66626600e-09	1.13826500e-08	1.01204900e-09
5536	2.26758200e-08	1.66666900e-09	1.13825500e-08	1.01222700e-09
5552	2.26883900e-08	1.66949100e-09	1.13836300e-08	1.01219100e-09
5568	2.26995500e-08	1.66777800e-09	1.13827600e-08	1.01224900e-09
5584	2.27030800e-08	1.66648600e-09	1.13840400e-08	1.01204100e-09
5600	2.26410800e-08	1.66326400e-09	1.13837000e-08	1.01205200e-09
5616	2.26492400e-08	1.66655200e-09	1.13839200e-08	1.01259600e-09
5632	2.26054000e-08	1.66507000e-09	1.13860200e-08	1.01173500e-09
5648	2.25887100e-08	1.66651600e-09	1.13848500e-08	1.01238000e-09
5664	2.25659700e-08	1.66933400e-09	1.13845800e-08	1.01230200e-09
5680	2.25766600e-08	1.66928600e-09	1.13850900e-08	1.01201300e-09
5696	2.25613000e-08	1.67168600e-09	1.13848000e-08	1.01219500e-09
5712	2.25771200e-08	1.66978000e-09	1.13849900e-08	1.01218900e-09
5728	2.25652500e-08	1.66780300e-09	1.13860900e-08	1.01224900e-09
5744	2.25274600e-08	1.66615000e-09	1.13870500e-08	1.01264800e-09
5760	2.25816100e-08	1.66672000e-09	1.13868600e-08	1.01187500e-09
5776	2.25835400e-08	1.66291700e-09	1.13827400e-08	1.01275400e-09
5792	2.25948000e-08	1.66162300e-09	1.13791700e-08	1.01224100e-09
5808	2.25732800e-08	1.66257700e-09	1.13768000e-08	1.01245700e-09
5824	2.26107300e-08	1.66405100e-09	1.13803600e-08	1.01223000e-09
5840	2.26317500e-08	1.66364400e-09	1.13840900e-08	1.01261400e-09
5856	2.26097200e-08	1.66116000e-09	1.13851200e-08	1.01230000e-09
5872	2.25508600e-08	1.66246800e-09	1.13822400e-08	1.01227600e-09
5888	2.26023500e-08	1.66209300e-09	1.13832900e-08	1.01223800e-09
5904	2.26024300e-08	1.66519400e-09	1.13886400e-08	1.01259000e-09
5920	2.26452600e-08	1.66847700e-09	1.13864300e-08	1.01262000e-09
5936	2.26806700e-08	1.66920900e-09	1.13864700e-08	1.01206900e-09
5952	2.27062400e-08	1.66649900e-09	1.13842300e-08	1.01275500e-09
5968	2.26605700e-08	1.66608200e-09	1.13832800e-08	1.01233600e-09
5984	2.26175800e-08	1.66594500e-09	1.13828700e-08	1.01267600e-09
6000	2.25877000e-08	1.67118400e-09	1.13827800e-08	1.01230300e-09
6016	2.26249600e-08	1.67138100e-09	1.13839300e-08	1.01208800e-09
6032	2.26635400e-08	1.67219200e-09	1.13857000e-08	1.01254600e-09
6048	2.26766600e-08	1.67372800e-09	1.13850300e-08	1.01275000e-09
6064	2.26520500e-08	1.67243700e-09	1.13862800e-08	1.01210800e-09
6080	2.26376800e-08	1.66892900e-09	1.13835400e-08	1.01237200e-09
6096	2.26429500e-08	1.66897800e-09	1.13811300e-08	1.01213500e-09
6112	2.26496800e-08	1.67148600e-09	1.13811800e-08	1.01239500e-09
6128	2.26662900e-08	1.67481600e-09	1.13855700e-08	1.01216400e-09
6144	2.26841200e-08	1.67282900e-09	1.13874300e-08	1.01258800e-09
6160	2.26031000e-08	1.67404400e-09	1.13860300e-08	1.01236600e-09
6176	2.26622700e-08	1.67072900e-09	1.13836100e-08	1.01227300e-09
6192	2.26684200e-08	1.67016200e-09	1.13829600e-08	1.01285600e-09
6208	2.26008400e-08	1.66886100e-09	1.13873800e-08	1.01257600e-09
6224	2.26181000e-08	1.66914100e-09	1.13883700e-08	1.01239000e-09
6240	2.26519100e-08	1.66948000e-09	1.13838900e-08	1.01230500e-09
6256	2.26419500e-08	1.66996600e-09	1.13817100e-08	1.01224700e-09
6272	2.26355900e-08	1.66931300e-09	1.13785700e-08	1.01285100e-09
6288	2.26977600e-08	1.66500500e-09	1.13825000e-08	1.01233700e-09
6304	2.26951200e-08	1.66694300e-09	1.13845200e-08	1.01224500e-09
6320	2.26911500e-08	1.66397400e-09	1.13862000e-08	1.01243200e-09
6336	2.26882600e-08	1.66491000e-09	1.13866900e-08	1.01237000e-09
6352	2.27005400e-08	1.66278600e-09	1.13854900e-08	1.01240600e-09
6368	2.27097200e-08	1.66373200e-09	1.13874900e-08	1.01266100e-09
6384	2.27260000e-08	1.66203700e-09	1.13891600e-08	1.01211400e-09
6400	2.27420000e-08	1.66125200e-09	1.13861600e-08	1.01288400e-09
6416	2.27385800e-08	1.66208000e-09	1.13850500e-08	1.01219900e-09
6432	2.27295500e-08	1.66379000e-09	1.13846800e-08	1.01245200e-09
6448	2.27354400e-08	1.66414200e-09	1.13868400e-08	1.01257700e-09
6464	2.27503000e-08	1.66717700e-09	1.13906600e-08	1.01213500e-09
6480	2.27845100e-08	1.66857600e-09	1.13875800e-08	1.01302500e-09
6496	2.28048300e-08	1.67129400e-09	1.13851500e-08	1.01233300e-09
6512	2.27854700e-08	1.67155100e-09	1.13846500e-08	1.01233900e-09
6528	2.28002500e-08	1.67251200e-09	1.13885300e-08	1.01259800e-09
6544	2.27614800e-08	1.67192000e-09	1.13877500e-08	1.01218100e-09
6560	2.27228500e-08	1.67045200e-09	1.13863300e-08	1.01284600e-09
6576	2.27423700e-08	1.67172100e-09	1.13840300e-08	1.01292300e-09
6592	2.27409700e-08	1.66980500e-09	1.13827000e-08	1.01241100e-09
6608	2.27241500e-08	1.66888300e-09	1.13816200e-08	1.01302400e-09
6624	2.27159200e-08	1.66640600e-09	1.13825900e-08	1.01227400e-09
6640	2.26612300e-08	1.66192300e-09	1.13837400e-08	1.01301100e-09
6656	2.26474600e-08	1.65986400e-09	1.13846500e-08	1.01269200e-09
6672	2.26237400e-08	1.66067500e-09	1.13837300e-08	1.01263700e-09
6688	2.26189400e-08	1.66235900e-09	1.13855600e-08	1.01267300e-09
6704	2.25940300e-08	1.66480100e-09	1.13874600e-08	1.01245800e-09
6720	2.25801600e-08	1.66775300e-09	1.13869900e-08	1.01278900e-09
6736	2.25911800e-08	1.66823400e-09	1.13858700e-08	1.01267000e-09
6752	2.25800900e-08	1.66839800e-09	1.13882100e-08	1.01267500e-09
6768	2.25793200e-08	1.66618200e-09	1.13872100e-08	1.01281300e-09
6784	2.25903300e-08	1.66854200e-09	1.13835000e-08	1.01289800e-09
6800	2.25738000e-08	1.66585700e-09	1.13869200e-08	1.01269600e-09
6816	2.25944400e-08	1.66977400e-09	1.13860600e-08	1.01289500e-09
6832	2.25681800e-08	1.66866200e-09	1.13844900e-08	1.01275200e-09
6848	2.25147400e-08	1.67248500e-09	1.13829900e-08	1.01290400e-09
6864	2.25237000e-08	1.67105100e-09	1.13851100e-08	1.01255400e-09
6880	2.25826100e-08	1.66966300e-09	1.13893500e-08	1.01300000e-09
6896	2.25919700e-08	1.67088900e-09	1.13880300e-08	1.01287100e-09
6912	2.25504600e-08	1.67110600e-09	1.13834900e-08	1.01309500e-09
6928	2.25379900e-08	1.66832100e-09	1.13853800e-08	1.01338200e-09
6944	2.25273300e-08	1.66881800e-09	1.13856500e-08	1.01237100e-09
6960	2.25751000e-08	1.66567700e-09	1.13889100e-08	1.01326300e-09
6976	2.25275800e-08	1.66465600e-09	1.13908800e-08	1.01290900e-09
6992	2.25440900e-08	1.66475400e-09	1.13888600e-08	1.01276500e-09
7008	2.25513500e-08	1.66606000e-09	1.13874400e-08	1.01297200e-09
7024	2.25842500e-08	1.66534800e-09	1.13886400e-08	1.01280100e-09
7040	2.25878700e-08	1.66724500e-09	1.13884600e-08	1.01279900e-09
7056	2.25769200e-08	1.66864600e-09	1.13852100e-08	1.01301100e-09
7072	2.26013400e-08	1.66421500e-09	1.13866600e-08	1.01298300e-09
7088	2.26240800e-08	1.66634100e-09	1.13868100e-08	1.01312800e-09
7104	2.26309200e-08	1.66734800e-09	1.13896400e-08	1.01281000e-09
7120	2.26215600e-08	1.66418100e-09	1.13899500e-08	1.01301500e-09
7136	2.26295900e-08	1.66587300e-09	1.13895600e-08	1.01281000e-09
7152	2.26880000e-08	1.66787700e-09	1.13893900e-08	1.01295000e-09
7168	2.26572200e-08	1.66774200e-09	1.13881900e-08	1.01293500e-09
7184	2.26612100e-08	1.66776900e-09	1.13890000e-08	1.01272600e-09
7200	2.26336000e-08	1.66844900e-09	1.13895400e-08	1.01317800e-09
7216	2.26353600e-08	1.67058400e-09	1.13876800e-08	1.01311100e-09
7232	2.27061300e-08	1.67404400e-09	1.13888400e-08	1.01295000e-09
7248	2.26908800e-08	1.67377300e-09	1.13936200e-08	1.01302400e-09
7264	2.26592800e-08	1.67649400e-09	1.13942000e-08	1.01285600e-09
7280	2.26383500e-08	1.67883500e-09	1.13918800e-08	1.01245800e-09
7296	2.26345500e-08	1.67645100e-09	1.13893600e-08	1.01271000e-09
7312	2.26583200e-08	1.67569300e-09	1.13889300e-08	1.01278800e-09
7328	2.26897900e-08	1.67348500e-09	1.13920300e-08	1.01304400e-09
7344	2.27326100e-08	1.67310000e-09	1.13920400e-08	1.01268900e-09
7360	2.27266000e-08	1.67011400e-09	1.13906800e-08	1.01314300e-09
7376	2.27205900e-08	1.67242200e-09	1.13892000e-08	1.01305300e-09
7392	2.27308200e-08	1.67392300e-09	1.13894300e-08	1.01293600e-09
7408	2.27417600e-08	1.66982600e-09	1.13927700e-08	1.01368000e-09
7424	2.27148900e-08	1.66868200e-09	1.13930000e-08	1.01278100e-09
7440	2.27069000e-08	1.66926300e-09	1.13889500e-08	1.01316400e-09
7456	2.26638000e-08	1.67064700e-09	1.13845600e-08	1.01285700e-09
7472	2.27070700e-08	1.67035100e-09	1.13845800e-08	1.01291300e-09
7488	2.27144500e-08	1.67008100e-09	1.13877700e-08	1.01342400e-09
7504	2.26848100e-08	1.66777100e-09	1.13905400e-08	1.01282200e-09
7520	2.26649100e-08	1.66878800e-09	1.13928400e-08	1.01336100e-09
7536	2.26217500e-08	1.67038800e-09	1.13919500e-08	1.01335200e-09
7552	2.26043300e-08	1.66780300e-09	1.13905100e-08	1.01348500e-09
7568	2.26005700e-08	1.66815400e-09	1.13903900e-08	1.01313700e-09
7584	2.25717100e-08	1.67044700e-09	1.13916600e-08	1.01339300e-09
7600	2.25501100e-08	1.66978200e-09	1.13925000e-08	1.01293800e-09
7616	2.25603600e-08	1.67057200e-09	1.13931400e-08	1.01341400e-09
7632	2.25395800e-08	1.66923100e-09	1.13923800e-08	1.01359300e-09
7648	2.25557000e-08	1.66716900e-09	1.13917500e-08	1.01324600e-09
7664	2.25056900e-08	1.67299600e-09	1.13916800e-08	1.01355300e-09
7680	2.24940900e-08	1.67264700e-09	1.13916900e-08	1.01328300e-09
7696	2.25060300e-08	1.67249300e-09	1.13902200e-08	1.01344900e-09
7712	2.24824400e-08	1.67008100e-09	1.13896000e-08	1.01344400e-09
7728	2.24509500e-08	1.66613300e-09	1.13909800e-08	1.01332500e-09
7744	2.24971800e-08	1.66469000e-09	1.13888800e-08	1.01364000e-09
7760	2.25478000e-08	1.66740700e-09	1.13867000e-08	1.01366100e-09
7776	2.25792700e-08	1.66994000e-09	1.13916700e-08	1.01295100e-09
7792	2.25459000e-08	1.67030100e-09	1.13944800e-08	1.01319700e-09
7808	2.25295500e-08	1.67508100e-09	1.13894300e-08	1.01358100e-09
7824	2.25012400e-08	1.67622100e-09	1.13899900e-08	1.01318100e-09
7840	2.24923700e-08	1.67537800e-09	1.13951800e-08	1.01361700e-09
7856	2.25410300e-08	1.67302700e-09	1.13950700e-08	1.01331600e-09
7872	2.25569700e-08	1.67177800e-09	1.13888300e-08	1.01336600e-09
7888	2.25391700e-08	1.67060400e-09	1.13864300e-08	1.01350400e-09
7904	2.25380900e-08	1.67038100e-09	1.13893500e-08	1.01334900e-09
7920	2.25382300e-08	1.67013700e-09	1.13929300e-08	1.01353500e-09
7936	2.25541800e-08	1.67034600e-09	1.13949000e-08	1.01363000e-09
7952	2.25818700e-08	1.67303200e-09	1.13982700e-08	1.01344100e-09
7968	2.26010100e-08	1.66908300e-09	1.13954300e-08	1.01357200e-09
7984	2.25984100e-08	1.67053900e-09	1.13922900e-08	1.01361100e-09
8000	2.25918000e-08	1.66483800e-09	1.13929400e-08	1.01387100e-09
8016	2.25931200e-08	1.65958500e-09	1.13923600e-08	1.01334200e-09
8032	2.26074700e-08	1.66575000e-09	1.13918200e-08	1.01341700e-09
8048	2.25921400e-08	1.66783200e-09	1.13930600e-08	1.01327800e-09
8064	2.25520900e-08	1.66739500e-09	1.13944800e-08	1.01328600e-09
8080	2.26127900e-08	1.66700100e-09	1.13926400e-08	1.01375100e-09
8096	2.26298300e-08	1.66730100e-09	1.13906800e-08	1.01354500e-09
8112	2.26337000e-08	1.66887500e-09	1.13915900e-08	1.01349000e-09
8128	2.26700000e-08	1.67163000e-09	1.13954200e-08	1.01350300e-09
8144	2.26650200e-08	1.67359300e-09	1.13929500e-08	1.01367700e-09
8160	2.26577700e-08	1.67396800e-09	1.13877800e-08	1.01326200e-09
8176	2.26227700e-08	1.67113400e-09	1.13890600e-08	1.01398600e-09
8192	2.26699400e-08	1.67069500e-09	1.13953700e-08	1.01339200e-09
