# Octopus per-turn geometric emittance, aspect=1.0 xi=0.005
turn	ex	ey
1	2.0430920781399194e-8	2.0430282323390607e-8
8	2.042833239349064e-8	2.0430690876746707e-8
16	2.0428709362331846e-8	2.0430154065044197e-8
24	2.043043562429179e-8	2.0428671490381435e-8
32	2.0431701754140602e-8	2.042886736984142e-8
40	2.0430983155822425e-8	2.0428547431174877e-8
48	2.0429175762702585e-8	2.0429592855061993e-8
56	2.0428256759751637e-8	2.0431790144859617e-8
64	2.042901682014594e-8	2.043320122422216e-8
72	2.043086805667852e-8	2.0431319865490674e-8
80	2.043260864171211e-8	2.0428275481852438e-8
88	2.043252936636e-8	2.0429789383024474e-8
96	2.0430589085355385e-8	2.0431126962872845e-8
104	2.0428834538710655e-8	2.0432708458978882e-8
112	2.0429279561323156e-8	2.0434108426345363e-8
120	2.0431659143021137e-8	2.0433321286126887e-8
128	2.0433779502383568e-8	2.043063213318659e-8
136	2.0433677560496504e-8	2.0428811085666546e-8
144	2.0431572677087787e-8	2.043197746390823e-8
152	2.0429594166017407e-8	2.0433040018583474e-8
160	2.0429618961603192e-8	2.0433976299524054e-8
168	2.043186177890692e-8	2.0433371468112567e-8
176	2.0434494885223285e-8	2.0431477179145645e-8
184	2.0434828502827737e-8	2.0430278108516327e-8
192	2.0432424659503473e-8	2.0431180358557703e-8
200	2.0429735034098155e-8	2.0433729037623446e-8
208	2.0429591168777072e-8	2.0433816913755784e-8
216	2.0431873612008138e-8	2.0432721390749393e-8
224	2.0434724303780163e-8	2.043213881807075e-8
232	2.043577973858065e-8	2.043088733861361e-8
240	2.0433877923652643e-8	2.04320447257815e-8
248	2.0430929781663146e-8	2.0434129077473598e-8
256	2.0429748761589906e-8	2.0434930472206344e-8
264	2.0431341182104688e-8	2.043284601543127e-8
272	2.0434014699126007e-8	2.043101470313088e-8
280	2.043536627190424e-8	2.0431532033411645e-8
288	2.043406243410802e-8	2.043216570912893e-8
296	2.0431449888516327e-8	2.0434599923786876e-8
304	2.043008742152128e-8	2.0435509889347968e-8
312	2.0431209805842522e-8	2.0434271520323353e-8
320	2.0433740192886587e-8	2.0431339910035673e-8
328	2.0435321372740545e-8	2.043031576030183e-8
336	2.0434635669273207e-8	2.0431910107491487e-8
344	2.043234489627959e-8	2.04342568373699e-8
352	2.0430882187328256e-8	2.0435882934999374e-8
360	2.04318918213045e-8	2.043470802538343e-8
368	2.0434474320765685e-8	2.0432880418362195e-8
376	2.0436326402902653e-8	2.0430866683077607e-8
384	2.0435895075997333e-8	2.0431009760775075e-8
392	2.043374809330684e-8	2.043319819257978e-8
400	2.0431959536093175e-8	2.043630359538258e-8
408	2.0432480217798255e-8	2.0435246721000817e-8
416	2.0435160446519836e-8	2.043294967329645e-8
424	2.0437609302353786e-8	2.043157967428912e-8
432	2.0437920604662673e-8	2.0431646533769045e-8
440	2.043607196344186e-8	2.043303780581177e-8
448	2.0433915215637875e-8	2.0435061093593998e-8
456	2.0433432232206714e-8	2.043691114197108e-8
464	2.0434978815875535e-8	2.0433623198905744e-8
472	2.043716996809779e-8	2.0430944100567356e-8
480	2.043781484424454e-8	2.043119272264247e-8
488	2.0436254641034852e-8	2.043356363123787e-8
496	2.04339144651594e-8	2.043470052151256e-8
504	2.0432685730978628e-8	2.0435668563992774e-8
512	2.0433434471885788e-8	2.0436056500166715e-8
520	2.0435440688762954e-8	2.043145002556053e-8
528	2.0436492894372398e-8	2.0430532266320422e-8
536	2.0435495311038783e-8	2.043259255548738e-8
544	2.0433410466747725e-8	2.0434856036659498e-8
552	2.043197100503476e-8	2.0435217267294048e-8
560	2.043244540363504e-8	2.043476200704993e-8
568	2.043465356933177e-8	2.043376061641273e-8
576	2.043644359864411e-8	2.0430896675723044e-8
584	2.043589060720638e-8	2.043144640456729e-8
592	2.04338124092801e-8	2.043448577361047e-8
600	2.0432315647810945e-8	2.0435841942105326e-8
608	2.043262082038335e-8	2.0434513091085216e-8
616	2.0434720485783825e-8	2.043389726351304e-8
624	2.0436919190411276e-8	2.0432262913770162e-8
632	2.0437036227071707e-8	2.0431600380919232e-8
640	2.0434826723547705e-8	2.043390214612025e-8
648	2.0432644970345424e-8	2.0435771128421863e-8
656	2.0432508149751548e-8	2.0435390627984125e-8
664	2.0434546428005786e-8	2.043363969293962e-8
672	2.043701348940536e-8	2.0432645615168032e-8
680	2.0437813484141236e-8	2.0431523450759913e-8
688	2.0436123529095697e-8	2.0433617011564068e-8
696	2.043356199879928e-8	2.04357419566231e-8
704	2.0432647465928662e-8	2.0435637843954792e-8
712	2.0434171628820767e-8	2.0434472821883637e-8
720	2.0436776649145108e-8	2.0432475817263792e-8
728	2.0438118567376174e-8	2.0431340230149928e-8
736	2.04367602923566e-8	2.0432489942179762e-8
744	2.0434148443745996e-8	2.0435364587277318e-8
752	2.0432753731832806e-8	2.043629995315164e-8
760	2.0433876996734675e-8	2.043509839984134e-8
768	2.0436460506343464e-8	2.0432662504334666e-8
776	2.0438307844493118e-8	2.04308546256207e-8
784	2.0437564921338222e-8	2.043149766231027e-8
792	2.043504684458326e-8	2.043450466771318e-8
800	2.0433221663251037e-8	2.04370842608587e-8
808	2.0433993990537058e-8	2.043534577900072e-8
816	2.0436520104190527e-8	2.0433907783920687e-8
824	2.043844334798854e-8	2.0430180637563797e-8
832	2.043790284926524e-8	2.0431216055123503e-8
840	2.0435303342009558e-8	2.0433567102216793e-8
848	2.0433153757991018e-8	2.0436685593479165e-8
856	2.043355402037872e-8	2.043628896034834e-8
864	2.043612215893846e-8	2.0434087521271564e-8
872	2.0438446458987263e-8	2.043106887831275e-8
880	2.0437999496572755e-8	2.0430675484342156e-8
888	2.0435028166206823e-8	2.043302411911479e-8
896	2.043202087242779e-8	2.0436340949450226e-8
904	2.0431768504815523e-8	2.043595126318578e-8
912	2.0434438347537982e-8	2.0434247182930383e-8
920	2.0437203286742296e-8	2.043210647108367e-8
928	2.0437251362323465e-8	2.0430323971200823e-8
936	2.04346456365043e-8	2.0433595111617872e-8
944	2.0431619749634294e-8	2.0435626055534837e-8
952	2.043062756383933e-8	2.0437167927242434e-8
960	2.0432996028223654e-8	2.043324902022167e-8
968	2.0436274205832993e-8	2.0432137640014103e-8
976	2.0437032248537698e-8	2.043144688587709e-8
984	2.0434822361725698e-8	2.043278910485994e-8
992	2.0432015006856562e-8	2.0435305537865295e-8
1000	2.043109495218873e-8	2.043733333672661e-8
1008	2.0433072571755404e-8	2.0434942168586683e-8
1016	2.04361940623032e-8	2.0431531177356265e-8
1024	2.0437327419854308e-8	2.043170019305583e-8
1032	2.0435532396137366e-8	2.0433490450155282e-8
1040	2.043271625217466e-8	2.0435976257372067e-8
1048	2.0431330434676955e-8	2.043679821109625e-8
1056	2.0432506253930214e-8	2.0436035531535475e-8
1064	2.0435317489212143e-8	2.043274840441894e-8
1072	2.0436770186055418e-8	2.0431064019281104e-8
1080	2.0435395134830236e-8	2.043291175051687e-8
1088	2.0432916267690735e-8	2.043565247876495e-8
1096	2.0431432829684036e-8	2.043792210620678e-8
1104	2.0432057255230815e-8	2.0435801216656203e-8
1112	2.0434549397779605e-8	2.0433425437769346e-8
1120	2.043647619493892e-8	2.0431969406341353e-8
1128	2.0435908585049087e-8	2.0431870416337746e-8
1136	2.0433608515609502e-8	2.0434648040446165e-8
1144	2.04319789808386e-8	2.0437637133927788e-8
1152	2.0432273169491678e-8	2.043697732045114e-8
1160	2.0434462984382656e-8	2.0433495563449378e-8
1168	2.0436441889412544e-8	2.0431657959951036e-8
1176	2.0436131082304104e-8	2.0433353576397204e-8
1184	2.0434191132051415e-8	2.043309056860752e-8
1192	2.0432419653287645e-8	2.0436227698715402e-8
1200	2.0432214562762936e-8	2.0437386421598057e-8
1208	2.0433874170801794e-8	2.0434370260506798e-8
1216	2.0435943339307353e-8	2.0432066598485904e-8
1224	2.0436008602180148e-8	2.0432680385253847e-8
1232	2.0434341274222482e-8	2.0434998351347715e-8
1240	2.04328431120019e-8	2.043428379246492e-8
1248	2.0432468295997838e-8	2.0435852421183795e-8
1256	2.043329851418194e-8	2.0435659345068946e-8
1264	2.043471786935038e-8	2.0432620000769367e-8
1272	2.0435114778885547e-8	2.0432813375843946e-8
1280	2.0434032591308456e-8	2.043419465866192e-8
1288	2.043294115065317e-8	2.0435501472043525e-8
1296	2.0432896253665382e-8	2.0434171207379223e-8
1304	2.0433599618698286e-8	2.0434748938086914e-8
1312	2.0434516910043128e-8	2.043430654867064e-8
1320	2.0434743011142078e-8	2.0432797927079688e-8
1328	2.043414647133152e-8	2.0434361455579932e-8
1336	2.0433673990114535e-8	2.043434240098826e-8
1344	2.043393175963021e-8	2.0434500735507822e-8
1352	2.0434313014768387e-8	2.0433631595012082e-8
1360	2.0434442044305747e-8	2.043375926727377e-8
1368	2.0434066589685783e-8	2.0434616556555443e-8
1376	2.0433498548062675e-8	2.0433807194902203e-8
1384	2.0433465168510585e-8	2.043473652721394e-8
1392	2.043429377906446e-8	2.0433224612531363e-8
1400	2.0434929344417193e-8	2.043326703223551e-8
1408	2.0434855018779853e-8	2.0433577718696468e-8
1416	2.0434191282005032e-8	2.043427100992748e-8
1424	2.0433588447162894e-8	2.0435303868381266e-8
1432	2.0433954923852656e-8	2.043429348039757e-8
1440	2.043504228214019e-8	2.043311235967676e-8
1448	2.0435706493197243e-8	2.04324791423752e-8
1456	2.043523488839444e-8	2.0432915278972694e-8
1464	2.0433832873625178e-8	2.0434474280674523e-8
1472	2.0432780272297046e-8	2.0435015064343712e-8
1480	2.0433289291619072e-8	2.0435736826428388e-8
1488	2.043473480847048e-8	2.0432737806794423e-8
1496	2.0435795373698204e-8	2.043165894966726e-8
1504	2.0435414139631598e-8	2.043285965105634e-8
1512	2.0433499877917005e-8	2.0433963000858042e-8
1520	2.0431692663114015e-8	2.0435648691078878e-8
1528	2.043211531394083e-8	2.0434968751642122e-8
1536	2.04344362090665e-8	2.043412880796811e-8
1544	2.0436084546223492e-8	2.0431753927352034e-8
1552	2.0435860655700894e-8	2.0431697344741374e-8
1560	2.0433925213459822e-8	2.0433977033618108e-8
1568	2.0431819322353902e-8	2.0435607008826056e-8
1576	2.043177334361034e-8	2.043533206921277e-8
1584	2.043438368505482e-8	2.0433247240916546e-8
1592	2.043730018544597e-8	2.043221350085327e-8
1600	2.0437732445115243e-8	2.043167560453235e-8
1608	2.0435778824604627e-8	2.04330017055992e-8
1616	2.0433234787334568e-8	2.0434990043033202e-8
1624	2.0432503618664516e-8	2.0435749278413147e-8
1632	2.0434430968540877e-8	2.0433502991656742e-8
1640	2.0437110279784063e-8	2.0431270427534837e-8
1648	2.0437944931572198e-8	2.0431653531029448e-8
1656	2.0436373754821266e-8	2.043230748002091e-8
1664	2.0433831049833402e-8	2.043465935734788e-8
1672	2.0432650473010196e-8	2.0435951559563047e-8
1680	2.043406744151847e-8	2.043389975936609e-8
1688	2.0436639155490798e-8	2.0431695682540498e-8
1696	2.043773559223317e-8	2.0430934164141576e-8
1704	2.0436455376212054e-8	2.0432587011447365e-8
1712	2.0434035320739525e-8	2.0433715528769907e-8
1720	2.043268760681457e-8	2.0436442309283765e-8
1728	2.0433732377319462e-8	2.0434431784471664e-8
1736	2.0436114561114096e-8	2.0431812402143186e-8
1744	2.0437394033107215e-8	2.0431037930153357e-8
1752	2.0436148960100423e-8	2.0432482620488293e-8
1760	2.0433522655513665e-8	2.0435046931130142e-8
1768	2.0432028093170074e-8	2.0435433044837527e-8
1776	2.0432869412614385e-8	2.0435376598295778e-8
1784	2.0435090903078506e-8	2.0432580527845055e-8
1792	2.043675350227459e-8	2.043084539674737e-8
1800	2.0435959304265572e-8	2.043258580802678e-8
1808	2.043361594258968e-8	2.043544272242886e-8
1816	2.043215628598211e-8	2.0436865327487428e-8
1824	2.0432861403144528e-8	2.0434884182464066e-8
1832	2.0435072900867073e-8	2.0433377059170647e-8
1840	2.043715959565827e-8	2.0431588358256603e-8
1848	2.0436914833885026e-8	2.0431999137851185e-8
1856	2.0434433539512043e-8	2.043576473550044e-8
1864	2.043234142971267e-8	2.0436849843405388e-8
1872	2.0432373832968088e-8	2.0435310242831905e-8
1880	2.0434167683382406e-8	2.0433316703790008e-8
1888	2.0436401988938065e-8	2.0431632162513418e-8
1896	2.0436870538506792e-8	2.0431655298698856e-8
1904	2.0435039609706372e-8	2.043463584932225e-8
1912	2.0432969355364774e-8	2.043665860821574e-8
1920	2.0432675332022202e-8	2.0435438496631896e-8
1928	2.0433993921610275e-8	2.0433798067157038e-8
1936	2.0435770913667578e-8	2.043271901670739e-8
1944	2.043643813913107e-8	2.0431264668108067e-8
1952	2.0435021593826696e-8	2.0433739022335358e-8
1960	2.043310688617123e-8	2.0435545547514698e-8
1968	2.0432713134648192e-8	2.0435606945945632e-8
1976	2.043388441056778e-8	2.0434201333921333e-8
1984	2.0435395570206458e-8	2.0433488440570107e-8
1992	2.0436164679957404e-8	2.043260794288224e-8
2000	2.0435294092291487e-8	2.043308342559361e-8
2008	2.0433744539687308e-8	2.0434514453837733e-8
2016	2.0433462526865445e-8	2.0435369961926993e-8
2024	2.043456898312558e-8	2.0434594118778047e-8
2032	2.0436000057496317e-8	2.0433607219235192e-8
2040	2.0436788486671897e-8	2.0433259747362476e-8
2048	2.043646515432535e-8	2.0433230834630792e-8
2056	2.043523568415223e-8	2.0434823208351805e-8
2064	2.0434533996042097e-8	2.0434723993364803e-8
2072	2.0434935602614582e-8	2.043451901008228e-8
2080	2.0435713941608818e-8	2.0434073666273373e-8
2088	2.043612107071462e-8	2.043321833181578e-8
2096	2.0435725252344688e-8	2.0433838333263188e-8
2104	2.0434708108961624e-8	2.0434088613807297e-8
2112	2.0434029800351488e-8	2.043503218786067e-8
2120	2.043420458128299e-8	2.0434484916427182e-8
2128	2.0434658976932283e-8	2.0433998158479384e-8
2136	2.0435110505739616e-8	2.0433780127586524e-8
2144	2.0435321409282013e-8	2.0433901103170275e-8
2152	2.04349427627901e-8	2.0434853821091038e-8
2160	2.0434424208704156e-8	2.0434234020185743e-8
2168	2.0434162037555937e-8	2.0434424309890103e-8
2176	2.0433934860255206e-8	2.0434327933743926e-8
2184	2.043370896410201e-8	2.0433790064448787e-8
2192	2.0433834208534538e-8	2.043428255887261e-8
2200	2.0434253293728782e-8	2.043443617978729e-8
2208	2.0434718550169234e-8	2.043422741086702e-8
2216	2.043466297663145e-8	2.043385901682405e-8
2224	2.04340988827061e-8	2.0434108194526838e-8
2232	2.043338617434985e-8	2.0435238640961505e-8
2240	2.0433338841863118e-8	2.0434573983610403e-8
2248	2.043431508382988e-8	2.043458333858157e-8
2256	2.0435756357931417e-8	2.043375589085302e-8
2264	2.0436309007067078e-8	2.0432920690542693e-8
2272	2.0435584693298987e-8	2.043417025404795e-8
2280	2.043408401618663e-8	2.0435489143457726e-8
2288	2.043322329358405e-8	2.0436225072816114e-8
2296	2.0434052026674698e-8	2.0434620866608817e-8
2304	2.0435992472509428e-8	2.0433965885372238e-8
2312	2.043730768772632e-8	2.0432096908072823e-8
2320	2.0436760799766347e-8	2.043324251164507e-8
2328	2.043477640697791e-8	2.0436048363274263e-8
2336	2.043329435990147e-8	2.0436858916545097e-8
2344	2.043381124279859e-8	2.043632534741227e-8
2352	2.0436132560954568e-8	2.043383827111e-8
2360	2.04381698381846e-8	2.0432164513017006e-8
2368	2.0438068162377777e-8	2.0431888903330256e-8
2376	2.0435752415395478e-8	2.04351771548473e-8
2384	2.0433405880243854e-8	2.043744469156766e-8
2392	2.0433434496586884e-8	2.04370634785303e-8
2400	2.0435818285178636e-8	2.0434783620031285e-8
2408	2.043841299523634e-8	2.043229139296736e-8
2416	2.0438660232286877e-8	2.043178208504314e-8
2424	2.043614869620538e-8	2.0433321895000607e-8
2432	2.043293428382556e-8	2.0437509666752125e-8
2440	2.043197844458275e-8	2.0437770699138027e-8
2448	2.043390013720232e-8	2.0435839847560242e-8
2456	2.0437109278813836e-8	2.0432049746949522e-8
2464	2.043840139379375e-8	2.043209362682845e-8
2472	2.043619040283025e-8	2.043324456936627e-8
2480	2.043255395576267e-8	2.0436485353196e-8
2488	2.0430952023502677e-8	2.043860477457256e-8
2496	2.0432539844877662e-8	2.043673589912951e-8
2504	2.0435847754189185e-8	2.0433418310885274e-8
2512	2.0437985857857568e-8	2.0430694876850996e-8
2520	2.0436879146017724e-8	2.0433254601491354e-8
2528	2.0433396379371693e-8	2.04364022898819e-8
2536	2.04310449857485e-8	2.0438274361058258e-8
2544	2.043196139504941e-8	2.0437898807459556e-8
2552	2.0435234973116345e-8	2.0434007648592118e-8
2560	2.0437560153362233e-8	2.0432258381624673e-8
2568	2.043676782914092e-8	2.0431457929472715e-8
2576	2.043375950901962e-8	2.043578356796513e-8
2584	2.0431200893828057e-8	2.043816197582146e-8
2592	2.043147312889473e-8	2.0437972009453363e-8
2600	2.0434422514373948e-8	2.043571999740128e-8
2608	2.0437306134578313e-8	2.043220074851512e-8
2616	2.0436996518098292e-8	2.0433263800322448e-8
2624	2.0434027565440134e-8	2.043387123312233e-8
2632	2.0431298179039844e-8	2.0437408863486632e-8
2640	2.043097414720735e-8	2.0438047760861472e-8
2648	2.0433328683501005e-8	2.0436535462788822e-8
2656	2.0436472564565346e-8	2.0433609960725598e-8
2664	2.043743354469656e-8	2.043295783669703e-8
2672	2.043553714525318e-8	2.043537891083834e-8
2680	2.0433206049025954e-8	2.0435664882160483e-8
2688	2.0432708321191345e-8	2.043772122512834e-8
2696	2.0434458466912427e-8	2.0436793629016172e-8
2704	2.0437144043810876e-8	2.0435433593102263e-8
2712	2.0438550565684426e-8	2.0433783221533348e-8
2720	2.0437656948890655e-8	2.0435579617569396e-8
2728	2.0435573533528128e-8	2.0436471320519143e-8
2736	2.0434607589044547e-8	2.043677666213907e-8
2744	2.0435234186115998e-8	2.0436211473644697e-8
2752	2.0436881944689558e-8	2.0435980337559824e-8
2760	2.0438226274557038e-8	2.0435554119655185e-8
2768	2.043781954634525e-8	2.043508372757577e-8
2776	2.043635250718926e-8	2.0436376836187914e-8
2784	2.0435661430918403e-8	2.0437375451831147e-8
2792	2.0435911932077434e-8	2.043589888051617e-8
2800	2.043639993279788e-8	2.0435449424527012e-8
2808	2.0436936427882153e-8	2.043632991588234e-8
2816	2.0436942068369956e-8	2.0435944031211024e-8
2824	2.0435992096549993e-8	2.043600312141804e-8
2832	2.043545559856364e-8	2.0436049781950252e-8
2840	2.0435972272629852e-8	2.0436618552448825e-8
2848	2.043646695493552e-8	2.0434877805536603e-8
2856	2.0436400095218084e-8	2.043657105352697e-8
2864	2.0436052999338258e-8	2.0436809430583265e-8
2872	2.0435660541563706e-8	2.043647842834043e-8
2880	2.0435497915405083e-8	2.043570298686009e-8
2888	2.0435870034178375e-8	2.0435248667517066e-8
2896	2.0436246271898166e-8	2.0435817327130947e-8
2904	2.0435932497372856e-8	2.0435296614523554e-8
2912	2.043528154332325e-8	2.043752491047502e-8
2920	2.0435108531309402e-8	2.0437185109302835e-8
2928	2.0435632308275676e-8	2.0436129631397728e-8
2936	2.0436574883387475e-8	2.0434641689080978e-8
2944	2.0437113095443113e-8	2.0434920775257485e-8
2952	2.043637475879447e-8	2.043631780138368e-8
2960	2.0435064096665138e-8	2.0436653733636238e-8
2968	2.043458625371974e-8	2.0437155122423107e-8
2976	2.0435447200000494e-8	2.0436685019340626e-8
2984	2.0436933186991518e-8	2.04350186169618e-8
2992	2.0437549105544662e-8	2.043409820012245e-8
3000	2.0436606503687222e-8	2.0435224121966328e-8
3008	2.043498515193225e-8	2.043738288300655e-8
3016	2.0433954435826395e-8	2.0437736272557672e-8
3024	2.0434526777993143e-8	2.0436233800768157e-8
3032	2.043642220678716e-8	2.0435437773469692e-8
3040	2.0437939610879435e-8	2.0434230330170362e-8
3048	2.0437471020570348e-8	2.0435172711329785e-8
3056	2.0435820426380948e-8	2.0436308410690804e-8
3064	2.0434649391658487e-8	2.0438590658097557e-8
3072	2.0434924187186277e-8	2.0437111676145084e-8
3080	2.0436599661549415e-8	2.0435355698600814e-8
3088	2.0438353778861268e-8	2.043447578648085e-8
3096	2.0438214319541217e-8	2.043488153819214e-8
3104	2.0436329438682527e-8	2.043652952620384e-8
3112	2.0434526230669506e-8	2.0437798669578472e-8
3120	2.0434187748670667e-8	2.0438030181724156e-8
3128	2.0435508836430236e-8	2.0435960960352677e-8
3136	2.0437365719007974e-8	2.043519281257186e-8
3144	2.0437782809035467e-8	2.043430747609485e-8
3152	2.0436142383652874e-8	2.0436075463637664e-8
3160	2.04343614921344e-8	2.0437715748713948e-8
3168	2.0433991101584046e-8	2.0438028333562057e-8
3176	2.0435040152063775e-8	2.043690429619881e-8
3184	2.043680189078309e-8	2.0435872622721243e-8
3192	2.043759698813879e-8	2.0434240692072075e-8
3200	2.0436489120180263e-8	2.0434810046611634e-8
3208	2.0434631977572274e-8	2.0437078309745316e-8
3216	2.0434013412374775e-8	2.043838233506107e-8
3224	2.0434972333540493e-8	2.0437133322691368e-8
3232	2.0436596144580848e-8	2.043596692650642e-8
3240	2.043752552838095e-8	2.0435118034761612e-8
3248	2.0436691945766033e-8	2.043356608697385e-8
3256	2.0434757848242592e-8	2.0436204150550343e-8
3264	2.0433759284341038e-8	2.0437354628924415e-8
3272	2.0434426042061906e-8	2.043769686888672e-8
3280	2.0435931185636975e-8	2.043528991669746e-8
3288	2.0436956991218137e-8	2.0434756428552173e-8
3296	2.0436528113895145e-8	2.0434699589403893e-8
3304	2.043482589109431e-8	2.0434715217410182e-8
3312	2.0433448816721958e-8	2.043724028219431e-8
3320	2.0433696727957213e-8	2.043675317793478e-8
3328	2.043527576972436e-8	2.0435671464907416e-8
3336	2.0436535393400416e-8	2.0433662363086044e-8
3344	2.0436497353995763e-8	2.043465375935306e-8
3352	2.0435395631314068e-8	2.0436122885075226e-8
3360	2.043410269268212e-8	2.0436276335792802e-8
3368	2.0433950243813653e-8	2.0437358237410862e-8
3376	2.0435266622210656e-8	2.0435464730856366e-8
3384	2.0436550778752194e-8	2.0433803587139803e-8
3392	2.043654479541095e-8	2.043384250985065e-8
3400	2.0435480278119786e-8	2.0435737730394298e-8
3408	2.043439718462669e-8	2.043728626029274e-8
3416	2.043434956176764e-8	2.0436351570157343e-8
3424	2.0435579417237868e-8	2.0436196170665904e-8
3432	2.0437129962165554e-8	2.0433291216929653e-8
3440	2.0437180094522224e-8	2.0434083374878213e-8
3448	2.0435892142776245e-8	2.043470603904783e-8
3456	2.0434439934052706e-8	2.043632607777996e-8
3464	2.043414167964367e-8	2.0436653409725267e-8
3472	2.0435127450983136e-8	2.0435757054485544e-8
3480	2.043664452035087e-8	2.0433476395039128e-8
3488	2.0437180271117675e-8	2.0432599066948468e-8
3496	2.0435935333960167e-8	2.0435159163796983e-8
3504	2.0434156818396262e-8	2.0435427562513986e-8
3512	2.0433589131015163e-8	2.043544685634716e-8
3520	2.0434566316646444e-8	2.043588529731707e-8
3528	2.0436011874262074e-8	2.0434075610375003e-8
3536	2.043660104718866e-8	2.043179830097885e-8
3544	2.0435661155889667e-8	2.0433152013406004e-8
3552	2.043389789395955e-8	2.0435993156053187e-8
3560	2.043294345893419e-8	2.0435357973580575e-8
3568	2.043390529728122e-8	2.0434312548952e-8
3576	2.0435678398851753e-8	2.0434571735945214e-8
3584	2.0436465182009236e-8	2.043245598312639e-8
3592	2.0435678718413544e-8	2.0432026511054016e-8
3600	2.0434086917423662e-8	2.043430722256119e-8
3608	2.043312156851632e-8	2.0436357117823295e-8
3616	2.0434045840376113e-8	2.0434494922989583e-8
3624	2.0435985220362418e-8	2.0433197450726916e-8
3632	2.0436926852676155e-8	2.0432714199306882e-8
3640	2.0436306147993663e-8	2.043204214559742e-8
3648	2.043490854217809e-8	2.0433316075620885e-8
3656	2.043397250322125e-8	2.043517227937772e-8
3664	2.0434457642599236e-8	2.043576683904333e-8
3672	2.0436183571787477e-8	2.0432470286244648e-8
3680	2.043734677566776e-8	2.043201993018523e-8
3688	2.0436812785268062e-8	2.043228925666674e-8
3696	2.04353301720682e-8	2.0433217524115074e-8
3704	2.043425072283043e-8	2.04349632372717e-8
3712	2.0434453836474988e-8	2.043541697801979e-8
3720	2.043573656292965e-8	2.0434549039425667e-8
3728	2.043689748308565e-8	2.0430718399339922e-8
3736	2.0436767970621422e-8	2.043217238102486e-8
3744	2.0435326025546056e-8	2.0433272921769247e-8
3752	2.043403986139869e-8	2.0434932088257874e-8
3760	2.043397623631931e-8	2.0434905052638522e-8
3768	2.0435140189435784e-8	2.043460749941115e-8
3776	2.0436426739355514e-8	2.0431933152220637e-8
3784	2.0436638852088348e-8	2.043129317662915e-8
3792	2.0435517403719467e-8	2.0432913862935912e-8
3800	2.0434032198875064e-8	2.0434847435065283e-8
3808	2.0433408809724712e-8	2.0434230920422744e-8
3816	2.0434031639587673e-8	2.0433795074840103e-8
3824	2.043520239802281e-8	2.043260544236831e-8
3832	2.0435793993827852e-8	2.043118961914164e-8
3840	2.0435200683159294e-8	2.0432657366594644e-8
3848	2.0434067274220065e-8	2.0433483375014805e-8
3856	2.0433509442628345e-8	2.04341088566651e-8
3864	2.0433843612621012e-8	2.043348149875961e-8
3872	2.0434704505085236e-8	2.0432229099355655e-8
3880	2.043527937669846e-8	2.0432514976161637e-8
3888	2.0434893990185618e-8	2.043184309688443e-8
3896	2.043399656976235e-8	2.04328015554145e-8
3904	2.043349157590302e-8	2.0433597990335255e-8
3912	2.0433582400417652e-8	2.043322032668591e-8
3920	2.0434100632466613e-8	2.0432569112970425e-8
3928	2.0434682892746156e-8	2.0432317856095243e-8
3936	2.0434610179764302e-8	2.0432841976010963e-8
3944	2.0433846567321797e-8	2.043225174941565e-8
3952	2.043327388819049e-8	2.043262682451153e-8
3960	2.0433210736360336e-8	2.0434376669747863e-8
3968	2.0433576455171428e-8	2.0432545825351225e-8
3976	2.043419586069122e-8	2.0432714448376077e-8
3984	2.0434388765326062e-8	2.0431897081537222e-8
3992	2.0434014926643867e-8	2.043215483328268e-8
4000	2.043376032012317e-8	2.0432951124496806e-8
4008	2.043371210954007e-8	2.0433281232266614e-8
4016	2.0433884233692356e-8	2.0433984949491834e-8
4024	2.043456087557539e-8	2.0432586076893666e-8
4032	2.0435262635640164e-8	2.0431568429285825e-8
4040	2.043512630550041e-8	2.04316841842306e-8
4048	2.0434750485643065e-8	2.0432422192270546e-8
4056	2.0434576540470122e-8	2.0433755449299218e-8
4064	2.0434426086938065e-8	2.043340159631067e-8
4072	2.0434723549256915e-8	2.0433100735261696e-8
4080	2.0435486155297102e-8	2.0432072352958808e-8
4088	2.043576252851943e-8	2.0430964417552122e-8
4096	2.0435194814088418e-8	2.0432258026318025e-8
4104	2.043451544893093e-8	2.0432709798396433e-8
4112	2.0434066725821246e-8	2.0433928200260496e-8
4120	2.0434130771204167e-8	2.0432623173567193e-8
4128	2.0434942752681986e-8	2.0431777994753934e-8
4136	2.0435681623601712e-8	2.0431998678104935e-8
4144	2.0435675058106673e-8	2.043165009221141e-8
4152	2.043517009148778e-8	2.0432143723336272e-8
4160	2.0434771345714506e-8	2.0433376887696024e-8
4168	2.0435058824515264e-8	2.043342568121056e-8
4176	2.043587489656843e-8	2.0431872394261606e-8
4184	2.0436725927912402e-8	2.0431288519873203e-8
4192	2.043671983787564e-8	2.043218931140048e-8
4200	2.043616726662717e-8	2.043243375979897e-8
4208	2.0435577422337595e-8	2.043212882157777e-8
4216	2.0435458386562932e-8	2.043354066787951e-8
4224	2.0436137787419942e-8	2.0431853223720327e-8
4232	2.0436887789682613e-8	2.043185474087044e-8
4240	2.0436865982327392e-8	2.0431369009250322e-8
4248	2.043632370557369e-8	2.0433168916275484e-8
4256	2.0435976790711785e-8	2.043292829549499e-8
4264	2.0436209410447532e-8	2.0432587394643105e-8
4272	2.043714186190231e-8	2.0432391007514224e-8
4280	2.043785635682973e-8	2.0431137275559746e-8
4288	2.043760993781347e-8	2.043210888416108e-8
4296	2.0436915780543156e-8	2.0432734458847203e-8
4304	2.0436565776854547e-8	2.0433519834392312e-8
4312	2.043697924777124e-8	2.0433127732582242e-8
4320	2.04380028420864e-8	2.043143835165181e-8
4328	2.043879120729626e-8	2.0431430303959925e-8
4336	2.0438397162045713e-8	2.0432181954525907e-8
4344	2.0437209047643777e-8	2.043326106278152e-8
4352	2.043655084223973e-8	2.0433690303882784e-8
4360	2.0437087506500448e-8	2.04331224667413e-8
4368	2.0438151412778606e-8	2.043187404065535e-8
4376	2.04387562623649e-8	2.0430139816073754e-8
4384	2.043823281977552e-8	2.043200772539723e-8
4392	2.0436986190487326e-8	2.0433465461206675e-8
4400	2.0436372208687985e-8	2.0433752248517733e-8
4408	2.0436976957485642e-8	2.0433857947421476e-8
4416	2.043856301668587e-8	2.0431723480633882e-8
4424	2.0439497655321394e-8	2.0430408561624596e-8
4432	2.0438574499011443e-8	2.0431035755253702e-8
4440	2.0436757113876937e-8	2.0433060762264233e-8
4448	2.0435693597646234e-8	2.04342304324614e-8
4456	2.043644335456271e-8	2.0433687394515335e-8
4464	2.0438284549764126e-8	2.0432556399655326e-8
4472	2.043962954819855e-8	2.0430048859543952e-8
4480	2.0439076169100416e-8	2.0430078296037337e-8
4488	2.0437040714987528e-8	2.043271742690311e-8
4496	2.0435320429422517e-8	2.0434925640116354e-8
4504	2.0435646226033248e-8	2.043356545186008e-8
4512	2.0437956031699682e-8	2.0432519637913976e-8
4520	2.0439962852550534e-8	2.0430198134065396e-8
4528	2.043960478472908e-8	2.042998586701813e-8
4536	2.0437460089972376e-8	2.043140144145218e-8
4544	2.0435328955583938e-8	2.0434396817155597e-8
4552	2.043500418091231e-8	2.0435065752639776e-8
4560	2.0437132681909842e-8	2.0430962633929692e-8
4568	2.0439847027667945e-8	2.042992114640385e-8
4576	2.0440637912891907e-8	2.0428446891918146e-8
4584	2.0438703964394838e-8	2.0431638253158416e-8
4592	2.0436045128858546e-8	2.043293543622416e-8
4600	2.0435115935386856e-8	2.0434369165969235e-8
4608	2.043664410921739e-8	2.0432833432415344e-8
4616	2.0439147549746653e-8	2.0428080267305567e-8
4624	2.044032113283858e-8	2.042825145340666e-8
4632	2.043893480587608e-8	2.0428883051964994e-8
4640	2.0436168740505858e-8	2.0432051331438666e-8
4648	2.0434767658369162e-8	2.0433073614494966e-8
4656	2.0436008287520286e-8	2.0432375277800103e-8
4664	2.0438673913369878e-8	2.0429999370004523e-8
4672	2.044062775762626e-8	2.0427361919962435e-8
4680	2.0440095562269775e-8	2.0428314167014516e-8
4688	2.0437459575469566e-8	2.042956438983534e-8
4696	2.0435352905995536e-8	2.0432149581077663e-8
4704	2.0435822322052244e-8	2.0432309959805057e-8
4712	2.043805711246438e-8	2.043024937044249e-8
4720	2.044014387290387e-8	2.0427880795811833e-8
4728	2.044047893399697e-8	2.0427154972588817e-8
4736	2.043854154711767e-8	2.0428512990337777e-8
4744	2.0436140724639707e-8	2.0430520904085515e-8
4752	2.0435455419425966e-8	2.043217634580774e-8
4760	2.0436771685023195e-8	2.043119922472046e-8
4768	2.043867445740212e-8	2.0427780657274875e-8
4776	2.0439485643245682e-8	2.042656279546481e-8
4784	2.043832021226703e-8	2.0427031410046415e-8
4792	2.0436058424610146e-8	2.042985944046885e-8
4800	2.04349611961445e-8	2.0430569255551472e-8
4808	2.043561669690828e-8	2.0431069392595455e-8
4816	2.0437424510014098e-8	2.0429116939711366e-8
4824	2.0439042673168664e-8	2.0426653353897605e-8
4832	2.0438895397448864e-8	2.0426791013618104e-8
4840	2.0437040812289412e-8	2.0429306376660737e-8
4848	2.0435633082644327e-8	2.0430680989605947e-8
4856	2.0435601629572012e-8	2.042994568014392e-8
4864	2.0436770538410414e-8	2.0429652192096845e-8
4872	2.043852143933449e-8	2.042850967532029e-8
4880	2.043943875928845e-8	2.042727267629192e-8
4888	2.0438428314041034e-8	2.042904193577287e-8
4896	2.04368190056186e-8	2.0430474039973844e-8
4904	2.043608194064466e-8	2.0429885379582706e-8
4912	2.0436546056394217e-8	2.0429623721806627e-8
4920	2.0437969516828618e-8	2.0429131091817113e-8
4928	2.0439003694132753e-8	2.04285605619747e-8
4936	2.043876135522051e-8	2.0427835161762563e-8
4944	2.0437567031520232e-8	2.0429405128460862e-8
4952	2.043656140121558e-8	2.042968699590085e-8
4960	2.043628943020376e-8	2.0429788048338907e-8
4968	2.0437212866102198e-8	2.0428255398345303e-8
4976	2.0438580913537422e-8	2.0427926147605135e-8
4984	2.0438520156640365e-8	2.0427381273958398e-8
4992	2.0437305863034598e-8	2.042791686415757e-8
5000	2.0436202162910882e-8	2.0428865919915573e-8
5008	2.0435668087019776e-8	2.042930845527156e-8
5016	2.0436073277043783e-8	2.042969871055592e-8
5024	2.0437189241593583e-8	2.042655765871221e-8
5032	2.0437771551592696e-8	2.042639120505613e-8
5040	2.043700887330503e-8	2.0428065754081253e-8
5048	2.0435773663031807e-8	2.0428956406449302e-8
5056	2.043515907903991e-8	2.042890091252781e-8
5064	2.043584813282419e-8	2.042922570477947e-8
5072	2.0437191990250652e-8	2.0428900534978517e-8
5080	2.043801723016293e-8	2.0425893324055164e-8
5088	2.043761682892463e-8	2.0427097690232494e-8
5096	2.0436685249593096e-8	2.0429793165910552e-8
5104	2.0435851356927426e-8	2.0428999921423735e-8
5112	2.0436220671831166e-8	2.0429127458329354e-8
5120	2.043757976594526e-8	2.0428278028475886e-8
5128	2.0438460925176215e-8	2.0427846758312337e-8
5136	2.0437817670292934e-8	2.04270364672091e-8
5144	2.043678826929706e-8	2.0428188055206004e-8
5152	2.0436286651401212e-8	2.0429779354355132e-8
5160	2.0436386798235378e-8	2.042894668723629e-8
5168	2.0437353524054592e-8	2.0428267488675974e-8
5176	2.0438485582877547e-8	2.0427399377092113e-8
5184	2.0438592632741388e-8	2.0428176243023774e-8
5192	2.0437542501283836e-8	2.0429136725361893e-8
5200	2.043689100408373e-8	2.0428932014095845e-8
5208	2.0436991622988044e-8	2.042941353946141e-8
5216	2.0437655885302935e-8	2.0428353015738914e-8
5224	2.043837372686758e-8	2.0426933482891376e-8
5232	2.0438406120299392e-8	2.042739724399416e-8
5240	2.0437711656515697e-8	2.042881331831548e-8
5248	2.043717033580693e-8	2.0430265272409823e-8
5256	2.0437578651574703e-8	2.0429105209886014e-8
5264	2.0438631568759357e-8	2.0427976493217642e-8
5272	2.043945469581804e-8	2.0427074492893348e-8
5280	2.0438911950708056e-8	2.0427239923585285e-8
5288	2.0437509713363267e-8	2.0428176467554255e-8
5296	2.0436701792435278e-8	2.0429827339178286e-8
5304	2.0437120643107272e-8	2.0430197519011347e-8
5312	2.0438632742835567e-8	2.0427751053323867e-8
5320	2.0440065675414934e-8	2.0425709817164174e-8
5328	2.0439810523669764e-8	2.0427309880285145e-8
5336	2.043810267620765e-8	2.0428994130311412e-8
5344	2.043663574205836e-8	2.0429853871287118e-8
5352	2.0436519487390505e-8	2.043106577221455e-8
5360	2.0437686132480562e-8	2.0429056709682523e-8
5368	2.043925184230062e-8	2.0425768609975056e-8
5376	2.0439202844298232e-8	2.0425932610327564e-8
5384	2.0437365232020092e-8	2.0428814920782125e-8
5392	2.0435728353915556e-8	2.043048995617874e-8
5400	2.043569885538267e-8	2.043090360731064e-8
5408	2.043705573460549e-8	2.0430767229613937e-8
5416	2.0438893743272345e-8	2.042650821501195e-8
5424	2.0439397046280354e-8	2.042546012186358e-8
5432	2.0437875660614803e-8	2.042830695207345e-8
5440	2.0435870334386588e-8	2.0430043847177362e-8
5448	2.043544662576097e-8	2.0430984437419346e-8
5456	2.043701735690554e-8	2.0430767199092988e-8
5464	2.043920387303567e-8	2.0429444082593905e-8
5472	2.0439894153980835e-8	2.042547105129521e-8
5480	2.0438705760111806e-8	2.042735905055272e-8
5488	2.0437032426704064e-8	2.0430361153075368e-8
5496	2.0435990072026234e-8	2.043077992346863e-8
5504	2.043693234898718e-8	2.0430905080456664e-8
5512	2.0439534120498282e-8	2.0429981816823996e-8
5520	2.044095005444407e-8	2.042825202469137e-8
5528	2.043979172387648e-8	2.0427346598302615e-8
5536	2.04378247978817e-8	2.042929463534925e-8
5544	2.04366780568704e-8	2.043147172961128e-8
5552	2.043700440103054e-8	2.0431751316439833e-8
5560	2.043901565414775e-8	2.0429979048005984e-8
5568	2.044069485531328e-8	2.042808340674574e-8
5576	2.044000791004578e-8	2.0428686824409514e-8
5584	2.0437803487282825e-8	2.042923365919936e-8
5592	2.0436098486721496e-8	2.0430239692555864e-8
5600	2.043614797064118e-8	2.0431703496773106e-8
5608	2.0437834635580904e-8	2.0430675908863684e-8
5616	2.0439670609924848e-8	2.0427690741721106e-8
5624	2.0439489174788384e-8	2.0428431526366448e-8
5632	2.043758796673904e-8	2.042991603240789e-8
5640	2.0435831664247258e-8	2.0430578323439753e-8
5648	2.0435568221781886e-8	2.0430287116918962e-8
5656	2.043720789648815e-8	2.0430090775794946e-8
5664	2.043937922312025e-8	2.0428457976619736e-8
5672	2.0439618310553788e-8	2.0427658008614222e-8
5680	2.0438068124888843e-8	2.0429610398557734e-8
5688	2.0436682577575863e-8	2.0431260427422265e-8
5696	2.043648614052903e-8	2.0430718567594107e-8
5704	2.0437607724121156e-8	2.0429168883996298e-8
5712	2.0439377103022506e-8	2.0428086639479223e-8
5720	2.043985684495715e-8	2.0427824659599448e-8
5728	2.043832315808594e-8	2.042945511172434e-8
5736	2.0436659829033878e-8	2.0430061180561694e-8
5744	2.0436586237701893e-8	2.0430472009200402e-8
5752	2.0437768239524506e-8	2.0429516161262083e-8
5760	2.043916264268574e-8	2.0427865655302304e-8
5768	2.0439729055691787e-8	2.0427084645556557e-8
5776	2.0438839904140362e-8	2.0428796078654945e-8
5784	2.0437140288137505e-8	2.043120729695895e-8
5792	2.043646852359316e-8	2.0429495561640935e-8
5800	2.0437473377470173e-8	2.042908224470409e-8
5808	2.043896197298167e-8	2.0428951031601692e-8
5816	2.0439309208311148e-8	2.042756146358213e-8
5824	2.043844118263138e-8	2.042796096953477e-8
5832	2.0437333018773036e-8	2.043031224483325e-8
5840	2.0437006090308553e-8	2.0431330269736982e-8
5848	2.0437968349603274e-8	2.0428560540440682e-8
5856	2.043939335216331e-8	2.0429460061316204e-8
5864	2.0439705203275233e-8	2.0429211269911636e-8
5872	2.0438666525274632e-8	2.0428857564114756e-8
5880	2.043761709252923e-8	2.0429657402546365e-8
5888	2.0437430982563706e-8	2.0431123603310747e-8
5896	2.0438148845007607e-8	2.0430562594855776e-8
5904	2.0439118725494846e-8	2.042846469913064e-8
5912	2.0439180548789913e-8	2.0430110233281626e-8
5920	2.0438133094370277e-8	2.0429731642295302e-8
5928	2.0437134482396142e-8	2.0430630337410513e-8
5936	2.0437370437525222e-8	2.0430269851048907e-8
5944	2.043850093718399e-8	2.0430063466014474e-8
5952	2.0439272637828643e-8	2.0430069565240763e-8
5960	2.043917139567132e-8	2.0428577638638068e-8
5968	2.0438296382000053e-8	2.0430900530415844e-8
5976	2.043750683060666e-8	2.043062733523743e-8
5984	2.0437707954621805e-8	2.0430705387751806e-8
5992	2.043868092350354e-8	2.042895770157336e-8
6000	2.0439367632792953e-8	2.042859410189425e-8
6008	2.043909429876499e-8	2.0429802491169837e-8
6016	2.043811141623438e-8	2.0430123714106933e-8
6024	2.043745297174313e-8	2.0431251518548035e-8
6032	2.0438015942514457e-8	2.0430459530245996e-8
6040	2.0438999767472262e-8	2.0429653934663125e-8
6048	2.0439345269504095e-8	2.04289538058419e-8
6056	2.0438651269405178e-8	2.0428548993880077e-8
6064	2.0437575614810607e-8	2.0431176722136334e-8
6072	2.0437072344342967e-8	2.0431492119754727e-8
6080	2.043787027608138e-8	2.0430619915563475e-8
6088	2.043928366726248e-8	2.0429444893792438e-8
6096	2.043972179996976e-8	2.043016436535218e-8
6104	2.0438876030948035e-8	2.0429563296560943e-8
6112	2.043730214563475e-8	2.0430862523193023e-8
6120	2.043635209204331e-8	2.0431920611619646e-8
6128	2.043706269539626e-8	2.043147049501777e-8
6136	2.043865055117663e-8	2.0429084435154502e-8
6144	2.0439528729093954e-8	2.0429899773906842e-8
6152	2.043883336351281e-8	2.043082323976506e-8
6160	2.0436989028005542e-8	2.0431013088884643e-8
6168	2.0435439088299007e-8	2.0432395474176602e-8
6176	2.043589156357281e-8	2.0431134408089177e-8
6184	2.0437696458796524e-8	2.042986654659253e-8
6192	2.0438759397785222e-8	2.0428273996507585e-8
6200	2.043818002268266e-8	2.0430053084641122e-8
6208	2.0436454850443348e-8	2.043162609206439e-8
6216	2.0434735647153308e-8	2.0431963458490354e-8
6224	2.043479984045922e-8	2.043188310649802e-8
6232	2.043682331368455e-8	2.042967438447605e-8
6240	2.043848043202108e-8	2.0428645362491988e-8
6248	2.0438099491351798e-8	2.0429253568787668e-8
6256	2.0436366024648926e-8	2.0431119911989384e-8
6264	2.0434794492881558e-8	2.043231408121502e-8
6272	2.0434897218373866e-8	2.0432720422194366e-8
6280	2.0436771804253515e-8	2.0430834392416447e-8
6288	2.0438532476185447e-8	2.042866554331982e-8
6296	2.0438668580306896e-8	2.0429663240372902e-8
6304	2.043720229691465e-8	2.0431288236799534e-8
6312	2.0435451573628945e-8	2.0432024242706268e-8
6320	2.0435150397954348e-8	2.04324890910549e-8
6328	2.043690414595479e-8	2.0431825031969963e-8
6336	2.0438805473245843e-8	2.042981590011165e-8
6344	2.0439018276606293e-8	2.04302705394608e-8
6352	2.0437944067974e-8	2.0431700067421663e-8
6360	2.0436654625962895e-8	2.0432273472658203e-8
6368	2.0436257894654444e-8	2.0432319328237324e-8
6376	2.0437363240817882e-8	2.0431948527864273e-8
6384	2.0438884343674398e-8	2.043099558398668e-8
6392	2.0439030869476854e-8	2.043099955957638e-8
6400	2.0438123641223364e-8	2.0432220861901725e-8
6408	2.0437019784450728e-8	2.043248036469996e-8
6416	2.0436570755583424e-8	2.0431871010729035e-8
6424	2.043747895993286e-8	2.0431493944539765e-8
6432	2.0438677292052555e-8	2.0431896769716396e-8
6440	2.0438577471939997e-8	2.043151977274858e-8
6448	2.0437759031001786e-8	2.0432444187176606e-8
6456	2.043733141389602e-8	2.043228260833148e-8
6464	2.0437146735447427e-8	2.0432124886005602e-8
6472	2.043749528393712e-8	2.043161266265245e-8
6480	2.0438344688974655e-8	2.04308598696053e-8
6488	2.0438463809248908e-8	2.0431884899853465e-8
6496	2.0437553280802527e-8	2.0432349671290518e-8
6504	2.0436981754154302e-8	2.0432383509635306e-8
6512	2.04372647334112e-8	2.0431382646013476e-8
6520	2.0437965937584832e-8	2.0431987729415232e-8
6528	2.0438420597525164e-8	2.04318696010464e-8
6536	2.0438123309847362e-8	2.0430920741989083e-8
6544	2.0437298774517966e-8	2.0432140814142137e-8
6552	2.0436911930816028e-8	2.043286853854566e-8
6560	2.043733072143376e-8	2.043195990561058e-8
6568	2.043818195392547e-8	2.0431533898795915e-8
6576	2.043873128284673e-8	2.0431671674315933e-8
6584	2.0438301497459936e-8	2.0432117543804478e-8
6592	2.0437193339161857e-8	2.0432346722491375e-8
6600	2.043679000656132e-8	2.043235434986656e-8
6608	2.0437579818504622e-8	2.0432774354196683e-8
6616	2.0438508813922198e-8	2.04315017840331e-8
6624	2.04387167593053e-8	2.0431348344460994e-8
6632	2.0437975664030383e-8	2.043163868781539e-8
6640	2.043655035278312e-8	2.043315021792857e-8
6648	2.043591408753874e-8	2.043350501598218e-8
6656	2.043692246320918e-8	2.0432059242153554e-8
6664	2.0438267881174982e-8	2.0431273640870988e-8
6672	2.0438687545791428e-8	2.043079289892714e-8
6680	2.04377682393536e-8	2.0431639614579235e-8
6688	2.043619917599002e-8	2.0433059966971202e-8
6696	2.0435436597788937e-8	2.0434217628072385e-8
6704	2.0436477428186883e-8	2.04334210179142e-8
6712	2.0438178470117326e-8	2.0430760709292204e-8
6720	2.0438978924564736e-8	2.0430052017524544e-8
6728	2.0438316042892027e-8	2.043172026569435e-8
6736	2.0436589689035482e-8	2.0433089514386572e-8
6744	2.0435342481250786e-8	2.04342029529576e-8
6752	2.0436089866335343e-8	2.043413398451449e-8
6760	2.0437891644160773e-8	2.043218659274496e-8
6768	2.0438990016544015e-8	2.0430020242806012e-8
6776	2.0439033073272684e-8	2.043053852246892e-8
6784	2.043778192627871e-8	2.0433757384295505e-8
6792	2.0435917135216252e-8	2.043434183329977e-8
6800	2.043556827709579e-8	2.043402422732802e-8
6808	2.043732787609014e-8	2.0433517865107708e-8
6816	2.0438752229222156e-8	2.0431062661259676e-8
6824	2.04387436175986e-8	2.043015117775968e-8
6832	2.0437807415043853e-8	2.0432101438427208e-8
6840	2.0436099329659238e-8	2.043455783567861e-8
6848	2.0434947549815767e-8	2.0435036676737243e-8
6856	2.043590326022089e-8	2.0433710523415748e-8
6864	2.043772929751631e-8	2.043234226471623e-8
6872	2.0438547599105838e-8	2.0430942926429873e-8
6880	2.0437781493711706e-8	2.0430381978917348e-8
6888	2.0435945994137134e-8	2.0433705725254238e-8
6896	2.043437492850347e-8	2.0435091350872622e-8
6904	2.0434609469640434e-8	2.043509612799873e-8
6912	2.043650252752967e-8	2.043260434240301e-8
6920	2.0438466269487784e-8	2.0431487762448845e-8
6928	2.0438868206108136e-8	2.043027838415917e-8
6936	2.043722340026009e-8	2.0431929622563943e-8
6944	2.0435104775052588e-8	2.0435508910936965e-8
6952	2.0434647354895635e-8	2.0435742136290108e-8
6960	2.0436155936444893e-8	2.0433924461637613e-8
6968	2.0438310555407703e-8	2.04316556469645e-8
6976	2.0439212202858065e-8	2.0430102020428053e-8
6984	2.0437990289708797e-8	2.043108861204863e-8
6992	2.0435595960446035e-8	2.0434703299728245e-8
7000	2.0434242118227136e-8	2.0435891032924902e-8
7008	2.043532876408003e-8	2.0435131605653088e-8
7016	2.0437873338554132e-8	2.0432607842654633e-8
7024	2.0439555473671154e-8	2.043042591144141e-8
7032	2.04387950689131e-8	2.0430127540671406e-8
7040	2.0436049031613037e-8	2.0433219302719962e-8
7048	2.0433815862288517e-8	2.043625845997029e-8
7056	2.0434185750513383e-8	2.0435047549305544e-8
7064	2.0436566186144335e-8	2.0433672851182827e-8
7072	2.0439069691557314e-8	2.0430709382553288e-8
7080	2.0439435086984912e-8	2.042924789996085e-8
7088	2.0436751765715762e-8	2.043233517091699e-8
7096	2.0433514586601537e-8	2.043606479510767e-8
7104	2.0432850486382756e-8	2.0435693119268707e-8
7112	2.0435195676935986e-8	2.0433870202632828e-8
7120	2.0438365913889898e-8	2.043114153074252e-8
7128	2.043963222427154e-8	2.042914651524473e-8
7136	2.0437640592429314e-8	2.0430107750995362e-8
7144	2.0434108180807836e-8	2.04356607829919e-8
7152	2.0432551305814553e-8	2.0437230277549523e-8
7160	2.0434373482767397e-8	2.0433895684025995e-8
7168	2.043787391086419e-8	2.043128123151123e-8
7176	2.0440008912982802e-8	2.04283352582915e-8
7184	2.0438490626991375e-8	2.0430415912642824e-8
7192	2.0434324100901718e-8	2.043322825418906e-8
7200	2.0431569139037406e-8	2.0437467779240043e-8
7208	2.043273780711344e-8	2.0435996008273825e-8
7216	2.043619928503352e-8	2.0430887541271434e-8
7224	2.0439079551659113e-8	2.0427807145198312e-8
7232	2.0438980146511576e-8	2.0428863670960152e-8
7240	2.043532852056557e-8	2.0433331758456437e-8
7248	2.0431634613109483e-8	2.043613214733719e-8
7256	2.0431861508369428e-8	2.0436646753260103e-8
7264	2.043571603296417e-8	2.0431857086835374e-8
7272	2.043948667714267e-8	2.0427899455946937e-8
7280	2.044011961318574e-8	2.042740516008874e-8
7288	2.043708293493664e-8	2.0431441712020697e-8
7296	2.0433238287025818e-8	2.0435835756855575e-8
7304	2.0432354371560493e-8	2.0437205523082002e-8
7312	2.0435419210026123e-8	2.0433348702978196e-8
7320	2.0439498962013996e-8	2.042831665509121e-8
7328	2.044064622606685e-8	2.0427325506135693e-8
7336	2.0437849763183977e-8	2.0429963198492728e-8
7344	2.0433643813449168e-8	2.0434416383074108e-8
7352	2.0432096431478485e-8	2.043675548911011e-8
7360	2.0434933938899172e-8	2.0435478765847527e-8
7368	2.0439725040885008e-8	2.0429916435963733e-8
7376	2.0441890189026883e-8	2.0427858028779775e-8
7384	2.043961173989768e-8	2.0429660248524098e-8
7392	2.0435287738472665e-8	2.0433820443265108e-8
7400	2.0432963088312773e-8	2.0436619126274627e-8
7408	2.0434866889451968e-8	2.0435956381518867e-8
7416	2.0439312981333726e-8	2.0432060187948015e-8
7424	2.0442014332099758e-8	2.0428277425655693e-8
7432	2.0440389381004493e-8	2.0430159518599786e-8
7440	2.043587235951384e-8	2.0432762892588515e-8
7448	2.0432781492561194e-8	2.0436437435679942e-8
7456	2.0434147899683844e-8	2.0436520319104478e-8
7464	2.0438541993669635e-8	2.0432759852727508e-8
7472	2.044164384278964e-8	2.0429275329876977e-8
7480	2.0440933366951692e-8	2.0429847747125265e-8
7488	2.043718609696634e-8	2.043288322798798e-8
7496	2.0433528074392404e-8	2.0435623019288695e-8
7504	2.043361780701284e-8	2.0436801597091636e-8
7512	2.0437403664671815e-8	2.0433285545356187e-8
7520	2.044096399049952e-8	2.0429377395786856e-8
7528	2.0440907420924286e-8	2.0429555872311777e-8
7536	2.043774977332133e-8	2.0432655449090987e-8
7544	2.0434310636817444e-8	2.0435156426249982e-8
7552	2.043370282641932e-8	2.0436825587270826e-8
7560	2.043658127384597e-8	2.0434028126421185e-8
7568	2.043999732436057e-8	2.0429695486792972e-8
7576	2.0440641657475125e-8	2.0429061483784092e-8
7584	2.0438199460400564e-8	2.0431874926741388e-8
7592	2.0434993224159307e-8	2.043509457023186e-8
7600	2.043404487174837e-8	2.043646203878109e-8
7608	2.0436421054319432e-8	2.043407748139242e-8
7616	2.0439681428080473e-8	2.043105623215129e-8
7624	2.0440543898394356e-8	2.0429247958912705e-8
7632	2.0438440242357903e-8	2.0431068867803804e-8
7640	2.0435418909044982e-8	2.0434338262031113e-8
7648	2.0434005698804135e-8	2.0436262890855106e-8
7656	2.043570483701443e-8	2.043416882508067e-8
7664	2.043884135875071e-8	2.043085877847877e-8
7672	2.0440206300795544e-8	2.0430221476829607e-8
7680	2.0438710668542047e-8	2.0430757514666362e-8
7688	2.043587699720078e-8	2.043393590264238e-8
7696	2.0434401191792127e-8	2.043553101060558e-8
7704	2.043565318062219e-8	2.0433965365100295e-8
7712	2.0438157495688956e-8	2.0431223181675846e-8
7720	2.0439532881202018e-8	2.043019142204918e-8
7728	2.0438488098130217e-8	2.0430992509082392e-8
7736	2.0436025891652267e-8	2.0433875225320048e-8
7744	2.043455112917794e-8	2.043505246530964e-8
7752	2.0435613029956903e-8	2.0433779170264914e-8
7760	2.0437717235374726e-8	2.0431336698442355e-8
7768	2.0438645241479304e-8	2.0430234581488476e-8
7776	2.0437996937287953e-8	2.0431207402231365e-8
7784	2.0436098030098158e-8	2.0433178909670325e-8
7792	2.043467638952905e-8	2.0435402388096662e-8
7800	2.0435477903566104e-8	2.0433571478680793e-8
7808	2.043747991940645e-8	2.0431444151734983e-8
7816	2.043833148297947e-8	2.0430783201054103e-8
7824	2.043734321002532e-8	2.0431306820836684e-8
7832	2.04355438203042e-8	2.0432585440699482e-8
7840	2.0434159982282818e-8	2.0434997929485837e-8
7848	2.0434553824000514e-8	2.0434646376539216e-8
7856	2.0436442558727738e-8	2.0431370005617812e-8
7864	2.0437735012265698e-8	2.043090528136319e-8
7872	2.0436799111930717e-8	2.0431936221753533e-8
7880	2.0434350516260505e-8	2.0432306582746907e-8
7888	2.0432549231324344e-8	2.043363311060218e-8
7896	2.043292329436751e-8	2.04345127024755e-8
7904	2.0434877737421763e-8	2.0432754358862154e-8
7912	2.043654092748642e-8	2.0430562431651926e-8
7920	2.0436236585308373e-8	2.0431376991909873e-8
7928	2.0433960833285517e-8	2.0432720275262075e-8
7936	2.0431672624257725e-8	2.0433471561971496e-8
7944	2.0431906543872808e-8	2.0433275131122867e-8
7952	2.0434356008176717e-8	2.0432942151880948e-8
7960	2.0436727825107515e-8	2.0431234505610475e-8
7968	2.043720906995126e-8	2.0429803033228724e-8
7976	2.0435679099238167e-8	2.043266280726305e-8
7984	2.0433500147972238e-8	2.043356114141619e-8
7992	2.043304330644561e-8	2.0433834073929915e-8
8000	2.0434821080397677e-8	2.0431985236706384e-8
8008	2.0437159037334857e-8	2.043080970990063e-8
8016	2.0437914580978658e-8	2.0429807989276573e-8
8024	2.0436381436471886e-8	2.0431374925940035e-8
8032	2.0434060895791068e-8	2.0433360199391854e-8
8040	2.0433112706785974e-8	2.043455997580095e-8
8048	2.043428008915562e-8	2.0432488680053416e-8
8056	2.0436239726357532e-8	2.0430192064186155e-8
8064	2.043713906572713e-8	2.0429667702624836e-8
8072	2.0435815927499306e-8	2.0431143667043067e-8
8080	2.0433281404748267e-8	2.0433178945699725e-8
8088	2.0432300164868058e-8	2.043403846875485e-8
8096	2.043364910130603e-8	2.0433496803521564e-8
8104	2.0435892904448252e-8	2.0430331844010077e-8
8112	2.043712410620261e-8	2.0429637656401127e-8
8120	2.043609681503182e-8	2.0430869540122514e-8
8128	2.043349302360419e-8	2.0432859895722995e-8
8136	2.043194442156329e-8	2.043487222311264e-8
8144	2.043297587963892e-8	2.0432847263945547e-8
8152	2.0435449732061355e-8	2.043111015011941e-8
8160	2.0437135670078182e-8	2.0429295461518202e-8
8168	2.043643351253131e-8	2.0430040893927875e-8
8176	2.0433899366755612e-8	2.0432888505214577e-8
8184	2.043194258436109e-8	2.043413771364062e-8
8192	2.0432569043966287e-8	2.043454486065031e-8
