aspect_ratio	Y_m1_matrix	Y_1d_sim	sigma_drift_over_xi
0.02	23.164469752705834	1.2970542598746582	0.1800329528102662
0.05	5.505313936611539	1.2892959895061118	-0.003140635976522921
0.1	1.9232440223498237	1.2735707406344943	-0.00015417296857500595
0.2	1.2606124772944038	1.2462120240028463	-3.2931932691937504e-5
0.3	1.2380600833183042	1.223289152555218	-2.4130257347820816e-5
0.5	1.2060095798128945	1.1899158488831774	-1.7044552730327567e-5
0.7	1.1841719643666537	1.167408482685628	-1.3696823547570958e-5
0.85	1.1718729147671136	1.1527865460365994	-1.2164745910592245e-5
1.0	1.1619516214934067	1.142738195771792	-1.106835388342553e-5
